lemma,v
0-1-2,0
1984,-1
aa,0
abandonar,-0.20000000000000007
abarcar_todo,-0.4
abarcativo,1
abierto,0.8
abismo,-0.06666666666666676
abogado,0.33333333333333326
abrazar,1
abrazo,1
abrir,0.5999999999999999
abrir_camino,-1
absolutamente,0.4666666666666668
absoluto,0.4444666666666668
absorber,0.4666666666666668
abstraccion,0
absurdo,-0.06666666666666676
abuelo,0.8666666666666665
abundancia_informacion,0.6000000000000001
abundante,0.9333333333333332
aburrir,-0.33333333333333337
abusar,-0.19999999999999996
acá,0.4666666666666668
acabar,0.4666666666666668
academia,0.4666666666666667
academico,-0.8
acariciar,0.8666666666666665
accede_ahora,0
acceder,1
accesibilidad,0.48
accesible,1
acceso,0.2643000000000001
acceso_el_informacion,0.6000000000000001
acceso_informacion,0.6000000000000001
acceso_informacion_sensible,-0.6
acceso_social_el_tecnologia,0.6000000000000001
accidente,-0.20000000000000007
accion,-0.0666666666666661
acción,0.7333333333333334
accionable,0.8
accionar,1
aceite,0.33333333333333326
acelerar,0.5999999999999999
aceptacion,0.6000000000000001
aceptar,0.7333333333333334
acercar,0.4666666666666668
acomodar,0.7333333333333334
acompañar,0.8666666666666665
acontecimiento,0.7333333333333334
acordar,0.8666666666666665
acoso,-0.6
acoso_mediatico,-1
acostar,0.5999999999999999
acostumbrar,0.19999999999999996
acotado,0
actitud,0.6666666666666667
actividad,0.5666666666666667
activo,0.5999999999999999
acto,0.33333333333333326
actor,0.5999999999999999
actriz,0.5555333333333332
actuación,0.5999999999999999
actual,0.33333333333333326
actualidad,0.21666666666666667
actualizacion,1
actuar,0.8666666666666665
acudir,0.5999999999999999
acuerdo,0.5999999999999999
acumulacion,-0.09999999999999998
acumulacion_capital,-1
acumular,0.33333333333333326
acusar,-0.06666666666666676
adaptacion,1
adaptación,0.5999999999999999
adaptar,0.5999999999999999
adecuar,0.8666666666666665
adelante,0.5999999999999999
adelanto,0.8
adentro,0.5999999999999999
adicional,0.4666666666666668
administracion,1
administración,0.33333333333333326
administrativo,0.19999999999999996
admirar,0.8666666666666665
admitir,0.8666666666666665
adoptar,0.8666666666666665
adorar,0.5999999999999999
adornar,0.8666666666666665
adquirir,0.7333333333333334
adulto,0.4666666666666668
advertir,0.33333333333333326
aéreo,0.5999999999999999
aerolínea,0.7333333333333334
aeronave,0.4666666666666668
aeropuerto,0.4666666666666668
afectar,0.06666666666666665
aferrar,0.5999999999999999
afirmar,0.7333333333333334
afuera,0.4666666666666668
agarrar,0.4666666666666668
agenda,0.19999999999999996
agente,0.19999999999999996
agilidad_el_distancia,0.8
agitar,0.4666666666666668
agonía,-0.20000000000000007
agotar,0.06666666666666665
agradable,1
agradecer,0.8666666666666665
agradecido,0
agregar,0.33333333333333326
agricultura,0.5999999999999999
agrupación,0.5999999999999999
agrupar,0.33333333333333326
agua,0.7333333333333334
aguantar,-0.20000000000000007
aguar,0.06666666666666665
aguardar,-0.06666666666666676
agudo,0.19999999999999996
agujero,-0.06666666666666676
ahi,0.19999999999999996
ahogar,-0.33333333333333337
ahorro,0.3999999999999999
ahorro_tiempo,0.3999999999999999
aire,0.7333333333333334
aislamiento,0.8
aislamiento_social,-0.19999999999999996
aislar,0.33333333333333326
ajeno,0.33333333333333326
ala,0.7333333333333334
alba,0.7333333333333334
albergar,0.7333333333333334
álbum,0.4666666666666668
alcance,0.33333333333333326
alcanzar,1
alcohol,0.4666666666666668
aldea,0.5999999999999999
aldea_global,-0.6
alegrar,0.7333333333333334
alegre,0.5
alegría,1
alejar,0.33333333333333326
alexa,-0.4
alfabetizacion,0.8
algebrar,0.6000000000000001
algo,0.4666666666666668
algo_grande,0.6000000000000001
algo_no_producido_directamente_el_hombre,-0.4
algo_superior,1
algoriter,-0.4
algoritmo,0.3263157894736841
algoritmo_red_social,-0.6
aliado,0.8666666666666665
aliado_cientifico,0
alianza,0.7333333333333334
aliento,0.33333333333333326
alimentar,0.8666666666666665
alimento,0.8666666666666665
allá,0.33333333333333326
alma,0.6666666666666667
almacenado,0.6000000000000001
almacenaje,0
almacenamiento,0.45999999999999996
almacenamiento_dato,0.4666666666666661
almacenamiento_global,0.6000000000000001
almohada,0.8666666666666665
alrededor,0.4666666666666668
altar,0.4666666666666668
alternativa,0.5666666666666667
altgorismo,-1
altitud,0.33333333333333326
alto,0.4666666666666668
alto_volumen,0
altura,0.4666666666666668
alumno,0.7333333333333334
alzar,0.7778
ama,0.19999999999999996
amable,1
amado,1
amanecer,1
amante,0.7333333333333334
amar,1
amargo,-0.33333333333333337
amarillo,0.5999999999999999
ambicion,0
ambiente,0.8095333333333334
ámbito,0.33333333333333326
amenaza,-0.20000000000000007
amenazar,-0.4
américa,0.5999999999999999
americano,0.4666666666666668
amigo,1
amistad,1
amo,0.4666666666666668
amor,1
amoroso,1
ampliar,0.6333333333333332
amplio,0.7333333333333333
amplitud,0.1499999999999999
amplitud_uso,1
analisis,0.6739130434782599
análisis,0.8666666666666665
analisis_dato,0.8333333333333339
analisis_el_informacion,0.3999999999999999
analisis_estadistico,1
analisis_fuente,0
analisis_global,-0.6
analisis_grande_maso_dato,1
analisis_mercado/consumidor,1
analitica,0.6000000000000001
analitico,0
analizar,0.33333333333333326
analogico,0.6000000000000001
ancho,0.33333333333333326
anciano,0.6666666666666667
and,0.33333333333333326
andar,0.8666666666666665
android,0.19999999999999996
androide,0
angel,1
ángel,0.5999999999999999
ángulo,0.19999999999999996
angustia,-0.20000000000000007
anhelar,0.4666666666666668
anhelo,1
anillo,0.4666666666666668
animado,0.6000000000000001
animal,0.8666666666666665
animar,0.8095333333333334
ánimo,0.5999999999999999
ano,0.6000000000000001
anoche,0.7333333333333334
anotar,0.33333333333333326
ansia,0.33333333333333326
ansiedad,-0.33333333333333337
ansioso,0.33333333333333326
anterior,0.4666666666666668
anticomunismo,-1
antigüedad,0.33333333333333326
antiguo,0.7333333333333334
anual,0.19999999999999996
anunciar,0.7333333333333334
añadir,0.33333333333333326
año,0.33333333333333326
añorar,0.06666666666666665
apagar,0.23806666666666665
aparato,0.2333333333333334
aparecer,0.33333333333333326
aparentemente,0.4666666666666668
aparición,0.33333333333333326
apariencia,0.5999999999999999
apartar,0.33333333333333326
apellido,0.33333333333333326
apenas,0.33333333333333326
apertura,0.6583333333333334
aplicacion,0.06666666666666599
aplicación,0.4444666666666668
aplicacion_energia_nuclear,0.6000000000000001
aplicacion_informatico,0.6000000000000001
aplicacion_inteligente_predictora,1
aplicar,0.4666666666666668
apocalipsis,-1
apoderar,0.19999999999999996
aportar,0.5999999999999999
apoyar,0.5999999999999999
apoyo,1
applir,0.8
apps,0
apreciar,0.8666666666666665
aprehender,1
aprender,0.85
aprendizaje,0.7
aprendizaje_automatico,0.8999999999999999
aprendizaje_el_comportamiento,0
aprendizaje_el_maquina,0.6000000000000001
aprendizaje_significativo,0
apretar,0.19999999999999996
aprobar,1
aprovechar,0.5999999999999999
aproximadamente,0.33333333333333326
aproximar,0.4666666666666668
apuntar,0.33333333333333326
apurar,-0.06666666666666676
aqui,0.5999999999999999
aragón,0.33333333333333326
árbol,0.7333333333333334
archivo,0.5500000000000004
archivo_pesado,0.19999999999999996
arco,0.5999999999999999
arder,0.06666666666666665
ardiente,0.4666666666666668
área,0.4666666666666668
arena,0.8666666666666665
argumentar,0.5999999999999999
argumento,0.33333333333333326
arma,-0.6666666666666667
arma_perfil_riguroso,0
armado,-1
armar,0.7142666666666668
armonía,1
aroma,0.8666666666666665
arqueológico,0.33333333333333326
arquitecto,0.4666666666666668
arquitectónico,0.7333333333333334
arquitectura,0.5999999999999999
arrancar,0.33333333333333326
arrastrar,-0.20000000000000007
arreglar,0.8666666666666665
arrojar,0.4666666666666668
arroyo,1
arte,0.5
artefacto_inteligente,0.8
artículo,0.33333333333333326
artificial,-0.4833333333333334
artista,0.7333333333333332
artístico,0.7333333333333334
asamblea,0.4666666666666668
asbtraccion,0.3999999999999999
ascender,0.8666666666666665
ascenso,0.3666666666666667
asegurar,0.6363333333333332
asentamiento,0.06666666666666665
asesinar,0.06666666666666665
asesinato,-0.33333333333333337
asesino,-0.20000000000000007
asfalto,1
asi,0.4666666666666668
asiento,0.33333333333333326
asignar,0.33333333333333326
asimetria,-0.19999999999999996
asistencia,0.8666666666666667
asistente,0
asistente_google,0.6000000000000001
asistir,0.5999999999999999
asociacion,0.6000000000000001
asociación,0.19999999999999996
asociar,0.4666666666666668
asomar,0.5999999999999999
aspecto,0.7333333333333334
aspiracional,-0.4
asumir,0.4666666666666668
asunto,0.5999999999999999
asustar,-0.20000000000000007
atacar,-0.06666666666666676
atajo,0.6000000000000001
ataque,-0.33333333333333337
atar,0.19999999999999996
atardecer,1
atención,0.5999999999999999
atender,0.5999999999999999
atlántico,0.8666666666666665
atlético,1
atmósfera,0.5999999999999999
atracción,1
atraer,0.8666666666666665
atrapar,0.06666666666666665
atrás,0.19999999999999996
atraso,-1
atravesar,0.4666666666666668
atrever,0.5999999999999999
atribuir,0.19999999999999996
audiencia,0.5999999999999999
aumentar,0.5999999999999999
aumento,0.4666666666666668
aumento_el_control,-0.4
aumento_el_exclusion_social,-0.6
aun,0.33333333333333326
ausencia,-0.20000000000000007
ausencia_intimidad,-1
auto,0.33333333333333326
auto_independiente,0.3999999999999999
autoaprendizaje,0
autobús,0.06666666666666665
autodeterminacion,0.19999999999999996
automata,0.6000000000000001
automatico,0.8
automatismo,0.8
automatizacion,0.3900000000000001
automatizacion_el_industria,-0.6
automatizacion_tarea,0.6000000000000001
automatizado,-0.8
automóvil,0.8666666666666665
autonomia,1
autonomia_computacional,0
autonomo,-0.7
autónomo,0.4666666666666668
autor,0.4666666666666668
autoridad,0.4666666666666668
autosuficiencia,-0.4
avance,0.806666666666667
avance_cientifico,1
avance_tecnologico,0.633333333333334
avance_y_conocimiento,1
avances,0.7384615384615381
avanzar,0.6166666666666667
ave,0.8666666666666665
avenida,0.33333333333333326
avenir,0.7333333333333334
aventura,0.8666666666666665
aviación,0.8666666666666665
avión,0.7333333333333334
avismo,-1
aviso,0.10000000000000009
ayuda,0.7303030303030307
ayuda_el_humano,0.8
ayuda_potencial_el_productividad,0
ayuda_social_medicina_research,0.6000000000000001
ayudante,1
ayudar,0.7333333333333334
ayuntamiento,0.22219999999999995
azúcar,1
azul,0.8666666666666665
bahía,1
bailar,0.4666666666666668
baile,1
bajar,0.33333333333333326
bajo,0.33333333333333326
bajo_costo_investigacion,1
bala,0.06666666666666665
baloncesto,1
banco,0.09999999999999992
banco_dato,0.30000000000000004
banco_dato_donde_acceder_el/la_investigador/o,1
banda,0.7333333333333334
bandera,0.5999999999999999
bañar,0.7333333333333334
baño,0.7333333333333334
bar,0.5999999999999999
barco,0.8666666666666665
barra,0.19999999999999996
barrera,0.19999999999999996
barrio,0.5999999999999999
barro,0.19999999999999996
basar,0.4666666666666668
base,0.16666666666666663
base_dato,0.3999999999999999
base_dato_mucho_grande,0.6000000000000001
básico,0.33333333333333326
bastar,0.19999999999999996
basura,-0.20000000000000007
batalla,-0.06666666666666676
batería,0.33333333333333326
bebé,0.7333333333333334
beber,1
belleza,1
bello,0.8666666666666665
beneficio,0.8333333333333333
besar,0.7333333333333334
beso,1
bestia,0.19999999999999996
bi,0.8
biblioteca,0.9333333333333332
bien,1
bien_personal,0
bife_el_criolla,1
big_datar,0.19047619047619002
big_mac,0.3999999999999999
billete,0.7333333333333334
binario,-0.4
biografía,0.5555333333333332
biografiar,0.5999999999999999
bioinformatica,1
biologia,0.6000000000000001
biotecnologia,0.19999999999999996
bit,0.5999999999999999
black_mirror,0.8
blanco,0.30000000000000016
blog_dato,0
boca,0.5999999999999999
boda,0.7333333333333334
bola,0.4666666666666668
bolsa,0.33333333333333326
bolsillo,0.4666666666666668
bolud,0
bomba,0.06666666666666665
bonito,1
borde,0.33333333333333326
borrar,0.33333333333333326
bosque,1
bot,0.3999999999999999
botánico,0.8
botella,0.33333333333333326
brazo,0.4666666666666668
brecha,-0.4
brecha_digital,-0.7
breve,0.2333333333333334
brigada,0.19999999999999996
brillante,0.5999999999999999
brillar,1
brillo,0.23333333333333323
brinda_informacion_ltomar,1
brindar,1
brisa,1
bronce,0.4666666666666668
brotar,0.4666666666666668
buen_informacion,1
buen_noticia,-1
bueno,1
buque,0.33333333333333326
burbuja_interno,-0.8
bus,0.33333333333333326
busca,0.4666666666666668
buscador,1
buscador_inteligente,0.3999999999999999
buscar,0.4666666666666668
busqueda,0.48
búsqueda,0.4666666666666668
caballería,0.8666666666666665
caballero,0.7333333333333334
caballo,1
cabecera,0.33333333333333326
cabello,0.7333333333333334
caber,0.4666666666666668
cabeza,0.33333333333333326
cabo,0.19999999999999996
cadáver,-0.06666666666666676
cadena,-0.10000000000000003
caer,0
café,1
caída,0.06666666666666665
caja,0.33333333333333326
cajón,0.33333333333333326
calcular,0.5999999999999999
calculo,0
calidad,0.3666666666666667
calidad_vida,0.8
cálido,1
caliente,0.5999999999999999
callar,0.33333333333333326
calle,0.33333333333333326
calma,1
calmar,1
calor,0.5999999999999999
cama,0.7333333333333334
cámara,0.7333333333333334
camara_seguridad,0.8
cambiar,0.5555333333333332
cambio,0.42380952380952375
cambio_el_trabajo,0
cambridgir,-0.6
camdbridgir_analityc,-1
caminar,0.8666666666666665
camino,0.6666666666666667
camión,0.5999999999999999
camisa,0.4666666666666668
campamento,0.8666666666666665
campana,0.4666666666666668
campana_macri,-1
campana_politico,-1
campaña,0.4666666666666668
campeón,0.7333333333333334
campeonato,0.7333333333333334
campo,1
canal,0.7
cáncer,-0.20000000000000007
canción,1
candidato,0.33333333333333326
candidatura,0.4666666666666668
cansancio,-0.06666666666666676
cansar,-0.11113333333333342
cantante,0.7333333333333332
cantar,0.8666666666666665
cantidad,0.25416666666666665
canto,1
cantón,0.4666666666666668
cañón,0.06666666666666665
caos,0.06666666666666665
capa,0.4666666666666668
capacidad,0.633333333333333
capacidad_analizar_y_relacionar,1
capacidad_especifico,1
capacidad_velocidad,1
capacitacion,0.6000000000000001
capaz,1
capilla,0.19999999999999996
cápita,0.33333333333333326
capital,0.40000000000000013
capital_humano,0.8
capitalismo,-0.30000000000000004
capitán,0.5999999999999999
capítulo,0.4666666666666668
captacion,0
capturar,0.4666666666666668
cara,0.5999999999999999
carácter,0.5999999999999999
característica,0.4666666666666668
característico,0.33333333333333326
caracterizar,0.33333333333333326
carcajada,1
cárcel,-0.06666666666666676
carecer,-0.20000000000000007
carencia_empatia,-0.8
carga,0.09999999999999998
cargar,0.06666666666666665
cargo,0.4666666666666668
caricia,1
carino,0
cariño,0.8666666666666665
carne,0.19999999999999996
caro,-0.33333333333333337
carrera,0.7333333333333334
carretera,0.5999999999999999
carretero,0.33333333333333326
carro,0.4666666666666668
carta,0.33333333333333326
casa,0.8666666666666665
casa_autoregulable,0.6000000000000001
casar,0.6666666666666667
casino,0
caso,0.33333333333333326
castellano,0.4666666666666668
castigar,-0.33333333333333337
castigo,-0.33333333333333337
castilla,0.33333333333333326
castillo,0.8666666666666665
catedral,0.8666666666666665
categoría,0.33333333333333326
categorizacion,0
categorizacion_social_erroneo_gris,-0.8
católico,0.06666666666666665
causa,0.5999999999999999
causalidad,0
causar,0.33333333333333326
caza,0.06666666666666665
cazar,-0.20000000000000007
ceder,0.33333333333333326
celebración,1
celebrar,1
celo,0.06666666666666665
célula,0.33333333333333326
celular,0.33809523809523767
celular_whatsapp,-0.4
cementerio,-0.20000000000000007
cena,0.8666666666666665
ceniza,0.19999999999999996
censo,0.33333333333333326
centímetro,0.33333333333333326
central,0.19999999999999996
centralizacion_dato,-0.6
centralizacion_el_dato,-0.6
centrar,0.5999999999999999
centro,0.5999999999999999
cercanía,0.8666666666666665
cercano,0.5999999999999999
cerdo,0.4666666666666668
cerebro,0.43333333333333335
ceremonia,0.5999999999999999
cero,0.06666666666666665
cerrar,0.1111333333333333
cerrazon,-0.8
cerro,0.7333333333333334
certeza,0.7333333333333334
certidumbre,-0.19999999999999996
cerveza,0.5999999999999999
cesar,0.33333333333333326
chamuyo,-0.8
char_ted,0.6000000000000001
charlar,0.7333333333333334
chico,0.40000000000000013
chimento,1
china,-0.7
chip,-0.466666666666666
chocar,-0.06666666666666676
chocolate,1
cibercrimar,-0.6
ciberespacio,1
ciberhumanidad,-1
cibernetica,0
ciclo,0.33333333333333326
ciego,0.06666666666666665
cielo,0.8666666666666665
ciencia,0.6784313725490198
ciencia_ciudadano,1
ciencia_dato,0.8999999999999999
ciencia_el_computacion,0
ciencia_el_dato,1
ciencia_el_informacion,1
ciencia_ficcion,1
ciencia_social,0
cientifico,0.6666666666666661
científico,0.8666666666666665
ciento,0.33333333333333326
cierto,0.5999999999999999
cigarrillo,0.33333333333333326
cigarro,-0.33333333333333337
cimiento_neuronal,1
cine,0.8666666666666665
cinematográfico,0.8666666666666665
cinta,0.33333333333333326
cintura,0.4666666666666668
circuito,0.3833333333333334
circular,0.4666666666666668
círculo,0.5999999999999999
circunstancia,0.19999999999999996
cita,0.5999999999999999
citar,0.33333333333333326
ciudad,0.5999999999999999
ciudadano,0.7333333333333334
civil,0.33333333333333326
civilización,0.7333333333333334
claramente,0.5999999999999999
claridad,0.8666666666666665
claro,1
clase,0.7999999999999999
clase_virtual,-0.4
clásico,0.75
clasificacion,0.1499999999999999
clasificación,0.33333333333333326
clasificar,0.4666666666666668
clavar,0.33333333333333326
clave,0.33333333333333326
cliente,0.4666666666666668
clima,0.5999999999999999
clonacion,-0.4
club,0.7778
coalición,-0.06666666666666676
cobrar,0.06666666666666665
coche,0.5999999999999999
cocina,0.75
codigo,0.8
código,0.5999999999999999
coeficiente,0
coger,0.5999999999999999
cognitivismo,1
cognitivo,1
coincidir,0.8666666666666665
cola,0.5999999999999999
colaboracion,0
colaboración,1
colaborar,0.8666666666666665
colección,0.4666666666666668
colectivo,0.5999999999999999
colegio,1
coleóptero,0.06666666666666665
colgar,0.33333333333333326
colocar,0.33333333333333326
colonia,0.33333333333333326
colonial,0.5999999999999999
color,0.5999999999999999
columna,0.4666666666666668
comandante,0.33333333333333326
comarca,0.7333333333333334
combate,-0.06666666666666676
combatir,0.06666666666666665
combinación,0.33333333333333326
combinar,0.4666666666666668
comedia,1
comentar,0.5999999999999999
comentario,0.5999999999999999
comenzar,0.7333333333333334
comer,0.5999999999999999
comercial,0.6333333333333334
comercializacion,-0.19999999999999996
comercializacion_web,0.6000000000000001
comercio,0.3666666666666666
comercio_dato,0
cometer,0.19999999999999996
cómic,0.7333333333333334
comida,1
comienzo,0.5999999999999999
comisión,0.19999999999999996
comité,0.19999999999999996
comodidad,0.555555555555556
compania,-0.4
compañero,0.7333333333333334
compañía,1
comparacion,1
comparación,0.19999999999999996
comparar,0.19999999999999996
comparticion_informacion,1
compartido,0.6000000000000001
compartir,0.6000000000000002
compasion,0.3999999999999999
competencia,-0.31666666666666665
competición,0.5999999999999999
competir,0.7333333333333334
competitividad,-0.19999999999999996
compilacion,-1
compilar_informacion,0
complejidad,-0.05714285714285805
complejo,0.14000000000000012
completamente,0.7333333333333334
completar,0.6190666666666667
completo,0.7999999999999999
complicado,-0.4
complicar,-0.33333333333333337
componente,0.33333333333333326
componer,0.7333333333333334
comportamiento,0.2333333333333334
composición,0.5999999999999999
compositor,0.8888666666666667
compra,0.5999999999999999
comprar,0.8666666666666665
comprender,0.7778
comprension,0.8999999999999999
comprobar,0.7333333333333334
compromiso,0.8666666666666665
compuesto,0.33333333333333326
computacion,0.5263157894736841
computador,0.8666666666666667
computadora,0.28
computadorizado,0.8
computo,0.3999999999999999
común,0.33333333333333326
comuna,0.4666666666666668
comunicacion,0.43157894736842195
comunicación,0.8666666666666665
comunicacior,1
comunicar,0.7333333333333334
comunidad,0.0999999999999997
comunista,0.33333333333333326
conceder,0.4666666666666668
concentaracion,1
concentracion,0
concentración,0.7333333333333334
concentracion_capital,1
concentracion_poder,-1
concentrar,1
concepto,0.4916666666666666
conciencia,0.7583333333333336
concierto,0.8888666666666667
concilio,0.7333333333333334
concluir,0.19999999999999996
conclusión,0.4666666666666668
concurso,0.5999999999999999
condado,0.33333333333333326
condenar,-0.11113333333333342
condición,0.33333333333333326
condicion_humano,0.6000000000000001
conducir,0.8666666666666665
conducta,0.2666666666666666
conectado,0.8
conectar,0.7333333333333334
conectividad,0.4666666666666661
conexion,0.7111111111111121
conexión,0.8666666666666665
conexion_infinita,0.8
conferencia,0.5555333333333332
confesar,0.22219999999999995
confesion,-0.6
confiable,0.5
confianza,1
confiar,1
confirmar,0.33333333333333326
conflicto,-0.22219999999999995
confluencia,-1
conformar,0.4666666666666668
confort,0
confundir,0
confusion,-0.4
confusión,0.33333333333333326
congelar,-0.06666666666666676
conglomerado_dato,0
congreso,0.33333333333333326
conjunto,0.44999999999999996
conmover,1
conocer,0.7333333333333333
conocido,0.33333333333333326
conocimiento,0.925
conocimiento_practico,0
conplejidad,0.6000000000000001
conquista,0.7333333333333334
conquistar,0.33333333333333326
consciente,0.5999999999999999
consecuencia,0.19999999999999996
conseguir,0.5555333333333332
consejo,0.8666666666666665
conservación,0.33333333333333326
conservar,0.33333333333333326
consideracion,0.3999999999999999
considerar,0.5555333333333332
consistir,0.5555333333333332
consolar,0.7333333333333334
consolidar,0.5999999999999999
constante,0.4666666666666668
constantemente,0.33333333333333326
constar,0.33333333333333326
constitución,0.5999999999999999
constitucional,0.7333333333333334
constituir,0.5999999999999999
construccion,0.866666666666666
construcción,0.5999999999999999
construccior,1
construir,0.5333333333333332
consuelo,0.5555333333333332
consumidor,0.7
consumidored,1
consumir,0.19999999999999996
consumismo,0
consumo,-0.016666666666666663
contabilidad,1
contacto,0.7778
contaminacion,-0.92
contar,0.5999999999999999
contemplar,0.7576
contemporaneo,0.3999999999999999
contener,0.4666666666666668
contenido,0.29999999999999993
contentar,0
contento,1
conteo,0
contestar,0.7333333333333334
contexto,0.4666666666666667
contexto_familiar_alegria,1
contexto_politico_uno_fraude,-1
continente,0.33333333333333326
continuación,0.4666666666666668
continuar,0.7333333333333334
continuo,0.19999999999999996
contradiccion,-0.8
contraer,0.19999999999999996
contrario,0.40000000000000013
contratar,0.5999999999999999
contrato,0.33333333333333326
contribuir,1
control,-0.10634920634920603
control_centralizado,-0.6
control_dato,-0.8
control_flujo_informativo,-0.6
control_negativo,-1
control_poblacion,-0.8
control_social,-1
controlar,0.16666666666666674
convencer,0.33333333333333326
convento,-0.06666666666666676
conversación,1
conversar,0.7333333333333334
convertir,0.19999999999999996
convivencia,-0.4
convocar,0.5999999999999999
cooperatividad_el_recoleccion_informacion,1
coordenada,0.33333333333333326
coordenado,0.33333333333333326
copa,0.7333333333333334
copar,0.4666666666666668
copia,0.19999999999999996
corazon,0.7333333333333334
corazón,0.8666666666666665
coronel,0.4666666666666668
corporacion,-0.6
correcto,0.8666666666666665
correo,0.33333333333333326
correo_spams,-1
correr,0.8666666666666665
corresponder,0.4666666666666668
correspondiente,0.33333333333333326
corriente,0.33333333333333326
corrupcion,-0.9
corruptible,-0.4
cortar,0.33333333333333326
corte,0.1111333333333333
cortina,0.4666666666666668
corto,0.19999999999999996
cosa,0.33333333333333326
costa,0.8666666666666665
costar,0.33333333333333326
coste,0.4666666666666668
costo,0.06666666666666665
costoso,-0.8
costumbre,0.4666666666666668
cotidiano,0.5999999999999999
creacion,0.19999999999999996
creación,0.8666666666666665
creado,0
creador,0.7333333333333334
crear,1
creatividad,0.8399999999999999
crecer,0.8666666666666665
crecimiento,0.96
crecimiento_economico,0.8
crecimiento_y_desarrollo_social,1
crédito,0.33333333333333326
creencia,0.5999999999999999
creer,0.7333333333333334
criatura,0.7333333333333334
crimen,-0.33333333333333337
crisis,0.33333333333333326
cristal,0.5999999999999999
cristiano,0.4666666666666668
cristo,0.5555333333333332
criterio,1
crítica,0.5999999999999999
criticar,-0.20000000000000007
crítico,0.4286000000000001
cruce_dato,0.6000000000000001
cruel,-0.33333333333333337
cruz,0.06666666666666665
cruzar,0.4666666666666668
cuadrar,0.19999999999999996
cuadro,0.4666666666666668
cuantificacion,0
cuantitativo,0.3999999999999999
cuanto,0.4074
cuarto,0.33333333333333326
cubrir,0.5999999999999999
cuchillo,0.19999999999999996
cuello,0.7333333333333334
cuenta,0.33333333333333326
cuento,1
cuerda,0.33333333333333326
cuerpo,0.5666666666666667
cuerpo_robotico,0
cuestión,0.19999999999999996
cueva,0.33333333333333326
cuidado,0.5666666666666667
cuidar,0.8666666666666665
culpa,-0.33333333333333337
culpable,-0.06666666666666676
cultivar,0.7
cultivo,0.6666666666666667
culto,0.4666666666666666
cultura,0.3733333333333333
cultura_digital,1
cultural,0.8666666666666665
cumbre,0.7333333333333334
cumpleaños,1
cumplir,0.8666666666666665
cura,0.4666666666666668
curar,0.8666666666666665
curiosidad,0.7166666666666667
curioso,0.8666666666666665
curso,0.5037
customizacion,0.6000000000000001
da_libertad,-1
dama,0.8666666666666665
danza,0.7333333333333334
danzar,0.8666666666666665
dañar,-0.33333333333333337
daño,-0.33333333333333337
dar,0.8666666666666665
datar,0.4666666666666667
datar_analytic,1
datar_entry,0
datar_grande,1
datar_mining,0.8
datar_sciencer,1
dataset,0.6000000000000001
dataso,1
datazo,0
dato,0.5957928802588996
dato_abierto,0.6000000000000001
dato_complejo,0.6000000000000001
dato_cuantitativo,0.3999999999999999
dato_duro,0
dato_el_dato,1
dato_enorme,1
dato_estructurado,0
dato_estructurado_y_no_estructurado,1
dato_gran_envergadura,0
dato_grande,0.5
dato_importante,0
dato_interesante,-1
dato_personal,-0.4
dato_recopilado,-0.4
dato_virtual,0.6000000000000001
dato_volatil,-0.4
debajo,0.19999999999999996
debe,0.19999999999999996
deber,0.06666666666666665
débil,-0.06666666666666676
debut,0.7333333333333334
debutar,0.8666666666666665
década,0.4666666666666668
decadencia,-0.6
decicion,0.3999999999999999
decidir,0.4666666666666668
decir,0.4666666666666668
decision,0.514285714285714
decisión,0.5999999999999999
decision_base_informacion,1
declaración,0.33333333333333326
declarar,0.4666666666666668
decreto,0.33333333333333326
dedicacion,1
dedicar,0.5999999999999999
dedo,0.4666666666666668
dedtinatario,-0.6
deduccion,0.6000000000000001
defecto,0.06666666666666665
defender,0.6666666666666667
defensa,0.7333333333333334
definición,0.5999999999999999
definir,0.7333333333333334
definitivamente,0.33333333333333326
definitivo,0.33333333333333326
deja,0.33333333333333326
dejar,0.06666666666666665
deje,0.4666666666666668
dejo,0.33333333333333326
delante,0.4666666666666668
delfo,0.8
delgado,0.5999999999999999
delicado,0.7778
delito,0.06666666666666665
delito_politico,0.6000000000000001
demanda,0.06666666666666665
demanda_epocal,0.6000000000000001
demasiado,-0.26666666666666666
demasiado_dato_el_ref,0
democracia,1
democrático,0.7333333333333334
democratizacion,0.6000000000000001
democratizacion_el_conocimiento,1
demografia,-0.8
demografía,0.33333333333333326
demonio,-0.06666666666666676
demostrar,0.5999999999999999
denominación,0.33333333333333326
denominar,0.33333333333333326
densidad,0.33333333333333326
departamento,0.4666666666666668
dependencia,-0.466666666666666
depender,0.06666666666666665
deporte,0.9333333333333332
deportivo,0.7333333333333334
depresión,-0.20000000000000007
derecha,0.16666666666666674
derecho,0.2333333333333334
derecho_humano,1
derecho_humano_4ta_generacion,1
derivar,0.5999999999999999
derramar,0.19999999999999996
derrota,-0.20000000000000007
derrotar,0.06666666666666665
desafio,0.3999999999999999
desafio_el_humanidad,0.3999999999999999
desamor,1
desaparecer,0.33333333333333326
desarrollar,0.7333333333333334
desarrollo,0.7666666666666667
desarrollo_cientifico,0.6000000000000001
desarrollo_intelectual,0.6000000000000001
desarrollo_tecnologico,1
desastre,0
desbordar,-0.6
descansar,1
descanso,0.8
descender,0.5999999999999999
descifrar,0.6000000000000001
descolonizacion,1
desconectado,-1
desconfianzar,-0.7333333333333341
desconocer,-0.06666666666666676
desconocido,0
desconocimiento,-0.5
descontrol_controlar,-0.4
describir,0.4666666666666668
descripción,0.33333333333333326
descubrimiento,0.7
descubrir,0.95
desear,0.7333333333333334
desempeñar,0.7333333333333334
desempleo,-0.8571428571428572
deseo,0.5999999999999999
desesperación,-0.33333333333333337
desesperar,-0.06666666666666676
desgracia,-0.20000000000000007
deshacer,0.19999999999999996
deshumanizacion,-0.533333333333334
deshumanizacion_el_actividad_social,-0.6
deshumanizacion_servicio,-1
deshumanizar,-0.6
desierto,0.5555333333333332
designar,0.33333333333333326
desigualdad,-0.6
desigualdad_acceso,-1
desinformacion,-0.9333333333333333
deslizar,0.4666666666666668
desnaturalizar_el_mundo,-1
desnudar,0.7333333333333334
desnudo,0.5555333333333332
desorden,-0.6
despedir,0.4666666666666668
despersonalilzacion,-1
despersonalizacion,-1
despertar,0.8666666666666665
despido,-0.8
despierto,0.4666666666666668
desplazamiento_el_ser_humano,-1
desplazar,0.33333333333333326
desprender,0.19999999999999996
despues,0.4666666666666668
destacar,0.7333333333333334
destinar,0.4666666666666668
destino,0.5999999999999999
destino_inteligente,0.6000000000000001
destrozar,0.19999999999999996
destruccion,0
destrucción,-0.06666666666666676
destruir,-0.20000000000000007
desvanecer,0.06666666666666665
detalle,0.7333333333333334
detener,0.33333333333333326
determinar,0.4666666666666668
detrás,0.33333333333333326
deuda,-0.20000000000000007
devolver,0.5999999999999999
dia,0.7333333333333334
día,0.5999999999999999
diablo,-0.06666666666666676
diagnostico_social,1
diálogo,1
diámetro,0.33333333333333326
diario,0.42856666666666676
dias,0.33333333333333326
dibujar,1
dibujo,0.8666666666666665
dicha,0.8888666666666667
dictadura,-0.20000000000000007
diente,0.33333333333333326
diferencia,0.33333333333333326
diferenciar,0.33333333333333326
diferente,0.7333333333333334
dificil,-0.48
difícil,0.33333333333333326
dificil_entender,0
dificultad,0.23333333333333328
dificultar,-0.6
difusion,-0.6
digital,0.5000000000000003
digitalidad,1
digitalizacion,0.5
digno,1
dimension,0.6000000000000001
dimensión,0.5999999999999999
dinamico,1
dinastía,0.19999999999999996
dinero,0.36666666666666625
dio_el_internet,-0.4
diócesis,0.19999999999999996
dios,0.33333333333333326
diputado,-0.06666666666666676
dirección,0.4444666666666668
directamente,0.5999999999999999
directo,0.7333333333333334
director,0.33333333333333326
dirigir,0.33333333333333326
discapacidad,0.8
disciplina,1
disco,0.5999999999999999
discográfico,0.33333333333333326
discurso,0.4666666666666668
discusión,-0.06666666666666676
discutir,-0.20000000000000007
diseno,-0.8
diseñar,0.5999999999999999
diseño,0.7333333333333334
disfrutar,1
disfrutir,1
disimular,0.19999999999999996
disminucion_el_creatividad,-0.8
disminuir,-0.06666666666666676
disparar,0.06666666666666665
disparidad,-0.6
disparo,0.06666666666666665
disponer,0.5999999999999999
disponibilidad,0.8
disponible,0.7333333333333334
disposición,0.7333333333333334
dispositivo,0
dispositivo_comunicacion,0.19999999999999996
dispositivo_inteligente,0.6000000000000001
disputar,0.18520000000000003
distancia,0.09999999999999998
distanciamiento,-0.4
distante,-0.06666666666666676
distinguir,0.33333333333333326
distinto,0.4666666666666668
distopia,-1
distribución,0.4666666666666668
distribuir,0.33333333333333326
distrito,0.33333333333333326
diverso,0.5499999999999999
divertir,0.9333333333333332
dividir,0.22219999999999995
divino,0.7333333333333334
división,0.33333333333333326
division_mente-cuerpo,-0.8
doblar,0.4666666666666668
doble,0.4666666666666668
doctor,0.4666666666666668
doctorado,1
documento,-0.33333333333333337
dólar,0.33333333333333326
doler,-0.20000000000000007
dolor,-0.33333333333333337
doloroso,-0.33333333333333337
dominacion,-0.8
dominancia,-0.6
dominar,0.4666666666666668
dominar_el_hombre,-1
dominio,0.10000000000000042
dominio_privacidad,-0.6
don,0.8666666666666665
dorar,0.5999999999999999
dormir,1
dragón,0.4666666666666668
drako,1
droga,-0.20000000000000007
dron,0.8
ducado,0.19999999999999996
duda,0.06666666666666665
dudar,0.06666666666666665
dudoso,-0.6
dueño,0.4666666666666668
dulce,1
dulzura,1
duque,0.33333333333333326
duración,0.33333333333333326
durar,0.4666666666666668
duro,-0.4
dvd,0.4666666666666668
e_commercer,0.3999999999999999
echar,-0.20000000000000007
eco,0.4666666666666668
economia,1
economía,0.33333333333333326
económico,0.4666666666666668
ecosistema,0
edad,0.33333333333333326
edición,0.33333333333333326
edificio,0.33333333333333326
editar,0.4666666666666668
editorial,0.4666666666666668
educacion,0.6875
educación,0.8666666666666665
educacion_distancia,1
educativo,0.4666666666666668
eer_uu,-1
efectividad,0.8
efecto,0.5999999999999999
efectuar,0.4666666666666668
eficacia,0.5
eficaz,1
eficiencia,0.8857142857142861
eje,0.7333333333333334
ejecución,0.5999999999999999
ejecutar,0.06666666666666665
ejecutivo,0.4666666666666668
ejemplar,0.8666666666666665
ejemplo,0.4666666666666668
ejercer,0.19999999999999996
ejercicio,0.5999999999999999
ejército,0.06666666666666665
ejercito_cientifico,-0.8
el_4_v,1
el_abrir_nuevo_horizonte,1
el_gato_y_el_caja,1
el_gran_dato,-1
el_privacidad_el_dato_y_problema,0.3999999999999999
elaborar,0.7333333333333334
eleccion,-0.4
elección,0.4666666666666668
eleccion_dudoso,0
electoral,0.19999999999999996
electricidad,0.3999999999999999
eléctrico,0.33333333333333326
electrodomestico,0
electronico,0.19999999999999996
electrónico,0.4666666666666668
elegante,1
elegido,0.7333333333333334
elegir,0.9333333333333332
elemento,0.4666666666666668
elevar,0.8666666666666665
eliminar,0.33333333333333326
elite,-0.4
elitista,-1
email,1
emisión,0.4666666666666668
emitir,0.5999999999999999
emocion,0.3999999999999999
emoción,0.8888666666666667
empapar,0.19999999999999996
emperador,0.33333333333333326
empezar,0.5999999999999999
empleado,-0.06666666666666676
emplear,0.5999999999999999
empleo,0.8666666666666665
emprender,1
empresa,0.30666666666666664
empresa_comprar_dato,-1
empresar,-0.4
empresario,0.022233333333333383
empujar,0.06666666666666665
enamorado,1
enamorar,1
encabezar,0.5999999999999999
encantar,0.8666666666666665
encanto,0.7333333333333334
encargado,0.5999999999999999
encargar,0.40000000000000013
encender,0.7333333333333334
encerrar,-0.06666666666666676
enciclopedia,1
enciclopedismo,-0.4
encima,0.5999999999999999
encontrar,0.7333333333333334
encubierto,-1
encuentro,1
encuesta,-1
encuestar,0.75
endémico,-0.20000000000000007
enemigo,-0.20000000000000007
energía,0.8666666666666665
energia_solar,-1
energiar,0
enfermedad,-0.20000000000000007
enfermero,0.19999999999999996
enfermo,-0.33333333333333337
enfoque,0
enfrentamiento,-0.06666666666666676
enfrentar,0.06666666666666665
engano,0.10000000000000009
engañar,-0.33333333333333337
englobo,1
enigmar,0
enlace,1
enloquecer,-0.33333333333333337
enojar,-0.06666666666666676
enorme,0.4666666666666668
ensayo,0.7333333333333334
ensenaje,1
ensenanza,0.6666666666666661
ensenar,1
enseñanza,0.8666666666666665
enseñar,1
entender,0.95
entendimiento,0
enterar,0.4666666666666668
entero,0.4666666666666668
enterrar,-0.06666666666666676
entidad,0.33333333333333326
entorno,0.4666666666666668
entrada,0.5999999999999999
entramado,0.3999999999999999
entraña,-0.33333333333333337
entrar,0.4666666666666668
entregar,0.5999999999999999
entrenador,0.4666666666666668
entrenamiento,0.4666666666666668
entrevista,0.19999999999999996
entusiasmado,0
enviar,0.33333333333333326
envolver,0.33333333333333326
episodio,0.4666666666666668
epistemer,1
epistemologia,0
época,0.33333333333333326
equidad_conocimiento,0
equilibrio,0.7333333333333334
equipo,0.8666666666666665
equipo_trabajo,0.6000000000000001
equivocar,0.06666666666666665
era,0.5999999999999999
erar,0.1428666666666667
erigir,0.5999999999999999
error,0.39999999999999997
erudito,0
escala,0.09999999999999992
escalabilidad,0.8
escalar,0
escalera,0.4666666666666668
escalofrío,0.06666666666666665
escapar,0.19999999999999996
escase_cientifico_dato,-0.4
escaso,0.06666666666666665
escena,0.4666666666666668
escenario,0.5999999999999999
esclavitud,-1
esclavizacion,-0.6
esclavo,-0.20000000000000007
escoger,0.7333333333333334
esconder,0.06666666666666665
escribir,0.4666666666666668
escrito,0
escritor,1
escritorio,0.4666666666666668
escritura,0.8666666666666667
escuchar,0.29999999999999993
escudo,0.19999999999999996
escuela,0.9333333333333332
escultura,0.8888666666666667
escupir,-0.06666666666666676
esencia,1
esencial,0.4666666666666668
esfera,0.4666666666666668
esfuerzo,0.4666666666666667
esfumar,0.4666666666666668
espacial,0.7333333333333334
espacio,0.5999999999999999
espacio-tiempo,0.6000000000000001
espada,0.5999999999999999
espalda,0.4666666666666668
español,0.5555333333333332
especial,0.7333333333333334
especialista,0.6000000000000001
especializar,0.4666666666666668
especialmente,0.4666666666666668
especie,0.4666666666666668
específico,0.5555333333333332
espectáculo,0.5999999999999999
espectador,0.4666666666666668
especulacion,-0.8
espejo,0.7333333333333334
espera,0.33333333333333326
esperanza,0.43333333333333324
esperar,-0.20000000000000007
espia,-1
espina,-0.06666666666666676
espionaje,-0.6
espíritu,0.7333333333333334
espiritual,0.5999999999999999
esposo,0.19999999999999996
esquina,0.3888666666666667
establecer,0.4444666666666668
establecimiento,0.33333333333333326
estación,0.5555333333333332
estadio,0.5555333333333332
estadistica,0.5333333333333339
estadistico,0.48095238095238213
estadistico_dato,1
estado,-0.2
estallar,-0.06666666666666676
estan,0.33333333333333326
estar,0.43333333333333324
estatadistica,1
estatal,0.19999999999999996
estatua,0.4666666666666668
estereotipo,-0.8
estilo,0.5999999999999999
estimacion,1
estimar,0.5999999999999999
estómago,0.33333333333333326
estrategia,0.6999999999999997
estrecho,0.33333333333333326
estrella,1
estrellar,0.19999999999999996
estremecer,0.19999999999999996
estrenar,0.5999999999999999
estructura,0.16666666666666663
estructuracion,0.6000000000000001
estsdo,0.8
estudiante,0.18333333333333324
estudiar,0.7000000000000004
estudio,0.6448717948717944
estudio_el_dato,1
estudio_el_informacion,1
etapa,0.4666666666666668
eternidad,0.29999999999999993
eterno,0.8666666666666665
etica,0.3999999999999999
etimología,0.4666666666666668
étnico,0.7333333333333334
euro,0.4666666666666668
eurocentrismo,-1
evaluacion,0.3999999999999999
evaluacion_el_dato,1
evaluar,1
evento,0.33333333333333326
evidente,0.33333333333333326
evitable_cualquiera_caso,-0.8
evitar,0.19999999999999996
evolucion,0.6000000000000001
evolución,0.8666666666666665
evolucion_el_medio_informacion,0.19999999999999996
exactamente,0.5999999999999999
exacto,0.8888666666666667
examen,0.06666666666666665
excel,0.5
excelente,1
excepción,0.4666666666666668
excesivo,0
exceso_informacion,-0.30000000000000004
exclamar,0.33333333333333326
exclusion,1
exclusivamente,0.4666666666666668
exigir,0.06666666666666665
existencia,0.7333333333333334
existente,0.4666666666666668
existir,0.7333333333333334
exito,0.10000000000000009
éxito,0.8666666666666665
exitoso,1
exoeriencia,-1
exoesqueleto,0.8
expansion,0.6000000000000001
expansión,0.33333333333333326
expedición,0.8666666666666665
experiencia,0.8761904761904763
experimentacion,1
experimentar,0.8889
experimento,0.5333333333333334
explicación,0.19999999999999996
explicar,0.7333333333333334
exploracion,0.8
explorar,0
explosión,0.06666666666666665
explotacion,1
explotación,-0.06666666666666676
explotar,0
exponer,0.5999999999999999
exposicion,-0.30000000000000004
exposición,0.5555333333333332
expresar,0.8666666666666665
expresión,0.4666666666666668
expulsar,-0.06666666666666676
extender,0.33333333333333326
extensión,0.5999999999999999
extenso,0.16666666666666663
exterior,0.4666666666666668
externo,0.33333333333333326
extraccion,1
extraccion_dato_consentimiento,-1
extraccion_otro_dato,1
extraer,0.33333333333333326
extranjero,0.5333333333333332
extrañar,-0.06666666666666676
extraño,0.4666666666666668
extraordinario,0.8666666666666665
extremo,0.19999999999999996
fábrica,0.33333333333333326
fabricar,0.8666666666666665
facebook,-0.485714285714286
fachada,0.19999999999999996
fácil,0.33333333333333326
facilidad,0.55
facilitar,0.19999999999999996
fácilmente,1
factor,0.33333333333333326
facultad,0.5555333333333332
falda,0.19999999999999996
fallar,-0.33333333333333337
fallecer,-0.20000000000000007
falsa_expectativo,-0.6
falso,-0.4333333333333334
falso_noticia,-1
falta,0.19999999999999996
falta_educacion_el_tema,-0.4
falta_estandar,-0.6
falta_intimidad,-0.4
falta_privacidad,-0.92
faltar,0.06666666666666665
fama,0.5999999999999999
familia,1
familiar,0.8
famoso,0.33333333333333326
fantasía,1
fantasma,0.19999999999999996
fase,0.33333333333333326
favor,0.7333333333333334
fecha,0.5999999999999999
federación,0.33333333333333326
federal,0.5999999999999999
feedback,0
felicidad,1
feliz,0.5
femenino,1
fenómeno,1
feo,-0.20000000000000007
feria,0.7333333333333334
ferrocarril,0.7778
festival,0.8666666666666665
fiabilidad,1
ficcion,0
ficción,0.7333333333333334
ficho,0
fiel,0.8666666666666665
fiesta,0.5999999999999999
figura,0.33333333333333326
figurar,0.33333333333333326
fijamente,0.4666666666666668
fijar,0.5999999999999999
fijo,0.33333333333333326
fila,0.19999999999999996
film,0.8666666666666665
filosofía,0.7333333333333334
filtracion,-1
fin,0.33333333333333326
final,0.5618999999999998
finalizar,0.8666666666666665
financiarizacion,-1
finanzas,0.8
fino,0.4666666666666668
firma,0.5999999999999999
firma_digital,0.6000000000000001
firmar,0.4666666666666668
firme,0.8666666666666665
fisica_cuantico,1
fisico,0.6000000000000001
físico,0.5999999999999999
flor,1
flotar,0.7333333333333334
fluir,0.5999999999999999
flujo,0.5333333333333334
flujo_dato,0
fondo,0.33333333333333326
forestal,0.8666666666666665
forma,0.4666666666666668
formacion,0.6499999999999999
formación,0.8666666666666665
formar,0.5999999999999999
formato,0.33333333333333326
formula,0.6000000000000001
fórmula,0.5999999999999999
formular,0.33333333333333326
fortalecer,1
fortaleza,1
forzar,-0.06666666666666676
foto,0.5571333333333334
fotografía,0.7333333333333334
fracaso,-0.33333333333333337
frágil,0.4666666666666668
fragmento,0.5999999999999999
frase,0.4666666666666668
fraud,-0.8
fraudulento,-1
freaks,-0.6
frecuencia,0.33333333333333326
frecuente,0.7333333333333334
frecuentemente,0.4666666666666668
freír,0.19999999999999996
frente,0.33333333333333326
fresco,0.8666666666666665
frialdad,-0.4
frialdad_deshumanizacion,-1
frío,0
frontera,0.33333333333333326
frustracion,0
fruto,0.8666666666666665
fuego,0.8666666666666665
fuente,0.03333333333333338
fuerte,0.8
fuertemente,0.4666666666666668
fuerza,0.5999999999999999
fugaz,0.7333333333333334
fumar,-0.06666666666666676
funcion,1
función,0.33333333333333326
funcionalidad,0.8999999999999999
funcionamiento,0.8666666666666665
funcionamiento_el_cerebro,0.8
funcionar,0.75
funcionario,0.19999999999999996
fundación,0.6666666666666667
fundador,0.33333333333333326
fundamental,0.7333333333333334
fundamental_el_aplicacion_el_ia_el_educacion,1
fundamental_el_desarrollo_uno_region_pais,1
fundar,0.33333333333333326
fundir,0.19999999999999996
furia,-0.20000000000000007
fusión,0.5999999999999999
fusionar,0.7333333333333334
fútbol,0.19999999999999996
futbolista,0.5999999999999999
futuro,0.6345238095238096
futuro_cercano,0.3999999999999999
futuro_inmediato,0.19999999999999996
futuro_o_autodestruccion_humano,0
galería,0.33333333333333326
gana,0.6
ganadería,0.4666666666666668
ganador,0.8666666666666665
ganancia,-0.6
ganar,0.7333333333333334
garganta,0.4666666666666668
gastar,0.06666666666666665
gate,0
gato,-0.09089999999999998
gatopardismo,-1
gemir,0.33333333333333326
generación,0.4286000000000001
generacion_perezoso,-1
generacional,-0.4
general,-0.2666666666666666
generalizacion_exesiv,-1
generalmente,0.33333333333333326
generar,0.8666666666666665
generar_informacion,1
género,0.33333333333333326
generosidad,1
genetico_y_patente_monsanto,-1
genitalidad,0.3999999999999999
gente,0.5999999999999999
geografía,0.4666666666666668
geográfico,0.45453333333333323
gestion,0.5
gestión,0.19999999999999996
gestion_dato,0.6000000000000001
gestion_el_informacion,0.8
gestionar,1
gesto,0.6666666666666667
getcontext,1
gigante,0.2666666666666666
gira,0.4666666666666668
girar,0.7333333333333334
giro,0.33333333333333326
global,0.4833333333333336
globalidad,0.6000000000000001
globalizacion,-0.0666666666666661
gloria,0.8666666666666665
gobernación,0.33333333333333326
gobernador,0.13333333333333353
gobernar,0.5999999999999999
gobierno,-0.13333333333333336
gol,0.8666666666666665
golpe,-0.20000000000000007
golpear,-0.06666666666666676
gonzález,0.33333333333333326
google,0
google_homir,0.8
gordo,0.19999999999999996
gota,0.7333333333333334
gozar,1
grabación,0.4666666666666668
grabado,0.7333333333333334
grabar,0.4666666666666668
grabder,1
gracia,0.8666666666666665
grado,0.33333333333333326
graduar,0.33333333333333326
grafico,0.7333333333333338
gran,0.5399999999999999
gran_alcance,1
gran_archivo,-1
gran_base_dato,0.19999999999999996
gran_cantidad,0.5
gran_cantidad_contenido,1
gran_cantidad_dato,0.8
gran_conocimiento,1
gran_datar,0.3999999999999999
gran_dato,-0.19999999999999996
gran_espacio,0
gran_fecha,-1
gran_hermano,-0.65
gran_informacion,-0.19999999999999996
gran_informacion_guardar,0
gran_manejo_dato,1
gran_memoria,-1
gran_noticia,-1
gran_red_dato,0
gran_sorpresa,-1
gran_volumen_dato,1
grande,0.45652173913043514
grande_archivo,-0.6
grande_base_dato,0.8
grande_cantidad_bit,0.8
grande_cantidad_dato,0.8
grande_dato,0.22857142857142798
grande_fecha,1
grande_volumen_dato,1
grandote,-1
gratis,1
grave,0.06666666666666665
gris,0.23806666666666665
grita,0.19999999999999996
gritar,0.06666666666666665
grito,-0.06666666666666676
grueso,0.22219999999999995
grupo,0.7333333333333334
guardar,0.33333333333333326
guardia,0.4666666666666668
guerra,-0.6666666666666667
guerra_psicopolitico,-1
guerrero,0.06666666666666665
guía,0.8666666666666665
guiar,0.5999999999999999
guitarra,1
guitarrista,0.8666666666666665
gustar,0.8888666666666667
gusto,0.4238000000000004
habea_datar,1
haber,0.33333333333333326
habia,0.5999999999999999
habilidad,0.9333333333333332
habilidad_digital,1
habilidad_tecnologico,1
habitación,0.33333333333333326
habitante,0.6666666666666667
habitar,0.5999999999999999
hábitat,0.4666666666666668
habito,-0.09999999999999998
habito_el_persona,1
habitual,0.19999999999999996
hablar,0.4666666666666668
hacer,0.29999999999999993
hackeo_dato,1
hacker,0
hackers,-0.8
hada,0.8666666666666665
hallar,0.8666666666666665
hambre,-0.33333333333333337
hamburguesa,-1
hardware,0.3999999999999999
hardware_inteligente,0
hasta,0.22219999999999995
hastag,0.19999999999999996
haz,0.5833333333333333
hecho,0.4444666666666668
hegemonia,-1
helar,0.4666666666666668
hembra,0.5999999999999999
herida,-0.33333333333333337
herido,-0.20000000000000007
herir,-0.23806666666666665
hermanar,1
hermano,0.7333333333333334
hermoso,1
héroe,0.8666666666666665
herramienta,0.7
herramienta_edicion_digital,1
herramienta_eficaz,0
herramienta_el_vida_cotidiano,1
herramienta_intelectual,1
herramienta_tecnologico,0.6000000000000001
herramientar,0.44999999999999996
herramientar_medir_comportamiento,0
hielo,0.06666666666666665
hierba,1
hierro,0.06666666666666665
hijo,0.8666666666666667
hilo,0.33333333333333326
hiperconexion,0
hipermediacion,0
hipotesis,0.7
historia,0.5499999999999999
historiador,0.19999999999999996
historial,0
histórico,0.19999999999999996
hogar,1
hoja,0.5999999999999999
holograma,0
hombre,0.29999999999999993
hombre_maquino,-1
hombro,0.5333333333333332
homenaje,1
homogeneizar_poblacion,-1
homovidens,0.3999999999999999
hondo,0.4666666666666668
honor,0.7333333333333334
hora,0.16666666666666663
horizonte,1
horrible,-0.33333333333333337
horror,0.06666666666666665
hospital,0.19999999999999996
hotel,0.8888666666666667
hueco,0.19999999999999996
huella,0.33333333333333326
hueso,0.06666666666666665
huevo,0.4666666666666668
huir,-0.20000000000000007
humanidad,0.5133333333333332
humanizar,-0.8
humano,0.6333333333333332
humedad,0.06666666666666665
húmedo,0.22219999999999995
humilde,1
humo,-0.4
humor,0.8888666666666667
hundir,-0.11113333333333342
ia,0.8
ia_el_servicio_el_detentor_poder,-0.8
idea,0.7708333333333333
identidad,0.33333333333333326
identificar,0.33333333333333326
idioma,0.7333333333333334
iglesia,-0.06666666666666676
ignorancia,-0.6799999999999999
ignorar,0.06666666666666665
igual,0.4952333333333332
iluminar,0.8095333333333334
iluminatu_manipulacion_contenido,-1
ilusión,0.7333333333333334
imagen,0.5999999999999999
imaginacion,0.10000000000000009
imaginación,1
imaginar,0.7333333333333334
imformatica,0.8
imitacion,-0.6
impacto,0.09999999999999998
impedir,-0.20000000000000007
imperio,0.5999999999999999
implante,0.6000000000000001
implementacion_proceso,0
implicar,0.33333333333333326
imponer,-0.06666666666666676
importancia,0.5999999999999999
importante,0.6491952380952376
importar,0.5999999999999999
imposible,0.06666666666666665
imposicion,-1
impotencia,1
impregnar,0.7333333333333334
imprescindible,0.8
impresión,0.33333333333333326
impulsar,0.5999999999999999
impulso,0.5999999999999999
inacabado,0.8
inaugurar,0.6666666666666667
incapaz,-0.20000000000000007
incendio,-0.22219999999999995
incertidumbre,-0.13333333333333397
incluir,0.4666666666666668
inclusion,-0.15000000000000002
incognita,0.3999999999999999
incomprensible,-0.6
inconmensurable,1
inconmesurable,-1
incorporacion,1
incorporar,0.8666666666666665
increible,-1
increíble,0.7333333333333334
incremental,0.6000000000000001
incrementar,0.33333333333333326
indefeccion,1
independencia,0.7
independencia_decision,0.3999999999999999
independiente,0.7333333333333333
indexacion,0
indicador,1
indicar,0.33333333333333326
índice,0.4666666666666668
indígena,0.4666666666666668
indio,0.33333333333333326
individual,0.33333333333333326
individualismo,-0.9
individuo,0.33333333333333326
industria,-0.4
ineres,0
inevitable,0.2333333333333334
infaltable,0.8
infancia,1
infante,0.7333333333333334
infantería,0.33333333333333326
infantil,0.5999999999999999
inferior,0.06666666666666665
infierno,-0.6000000000000001
infinito,0.5166666666666666
influencia,0.7
influenciar,0.19999999999999996
influir,-0.20000000000000007
influyente,0.19999999999999996
info,0.3999999999999999
infografiar,0.8
infomacion,1
informaciom,0.6000000000000001
informacion,0.48791208791208796
información,0.4666666666666668
informacion_ciudadano,0.3999999999999999
informacion_codificado,0
informacion_confidencial,-1
informacion_el_grande,0.8
informacion_importante,0
informacion_personal,0
informacion_publico,0
informacion_virtual,0.5
informar,0.8666666666666667
informatica,0.35333333333333394
informatica_fisico,-1
informatico,1
informativo,1
informatizar,0.8
informe,0.19999999999999996
infraestructura,0.5999999999999999
ingenieria,0.6000000000000001
ingeniería,0.33333333333333326
ingenieria_dato,0.6000000000000001
ingenieria_electronico,0.3999999999999999
ingenieriar,0.3999999999999999
ingenieriar_sistema,0
ingeniero,0.7333333333333334
ingenio,0.30000000000000004
ingenioso,0.3999999999999999
ingles,0.5
ingresar,0.5999999999999999
ingreso,0.4666666666666668
inhumano,-1
inicial,0.33333333333333326
iniciar,0.7333333333333334
iniciativa,0.8666666666666665
inicio,0.5999999999999999
inmediatamente,0.19999999999999996
inmediatez,0.3999999999999999
inmediato,0.4666666666666667
inmensidad,0.7333333333333334
inmenso,0.7333333333333334
inmoralidad,-0.19999999999999996
inmóvil,0.33333333333333326
innovacion,0.75
innovador,0.7
innovar,1
inocencia,0.7333333333333334
inocente,0.7333333333333334
insecto,-0.20000000000000007
inseguridad,-0.7
inseguro,-0.4
insight,0.6000000000000001
insistir,-0.20000000000000007
inspiración,1
inspirar,1
instalación,0.33333333333333326
instalar,0.4666666666666668
instantanea,0.6000000000000001
instante,0.5999999999999999
instanteneidad,0.3999999999999999
instinto,0.7333333333333334
institución,0.4666666666666668
instituto,0.5999999999999999
instrucción,0.5999999999999999
instruir,1
instrumento,0.5999999999999999
integracion,-1
integral,0.8
integrar,0.5999999999999999
intelecto,0.8
intelectual,0.7333333333333334
intelgiencia,1
inteligencia,0.7333333333333333
inteligencia_artificial,0.43999999999999995
inteligencia_robotico,1
inteligente,1
intención,0.33333333333333326
intensidad,0.33333333333333326
intenso,0.5999999999999999
intentar,0.8666666666666665
intento,0.5999999999999999
interaccion,1
interactividad,0.3999999999999999
intercambio,0.8
interconexion,1
interdisciplinar,0.6000000000000001
interes,0.10000000000000009
interés,0.5999999999999999
interesante,0.74
interesar,0.7333333333333334
interior,0.5333333333333332
interminable,0.33333333333333326
internacional,0.5333333333333332
internet,0.5937499999999999
internet-tecnologia,0.3999999999999999
internet_el_cosa,0.866666666666666
interno,0.4444666666666668
interpretacion,0.6000000000000001
interpretación,0.4666666666666668
interpretar,0.7333333333333334
interrelacion_dato,1
interrogacion,0.6000000000000001
interrumpir,-0.06666666666666676
intervención,0.33333333333333326
intervenir,0.8666666666666665
intimidad,-0.75
introducción,0.33333333333333326
introducir,0.5
intromision,0.19999999999999996
intrusion_el_privacidad,-1
intuicion,0.6000000000000001
inundar,0.19999999999999996
inútil,-0.20000000000000007
invadir,-0.20000000000000007
invasion,-0.8666666666666666
invasión,0.19999999999999996
invasion_el_privacidad,-1
invasivo,0
inventar,1
inversion,1
inversión,0.4666666666666668
invertir,1
investigacion,0.6736842105263161
investigación,0.4666666666666668
investigacion_informatico,1
investigador,0.5999999999999999
investigar,0.8333333333333333
invierno,0.5999999999999999
invisible,0.6666666666666666
invitado,0.5999999999999999
invitar,0.8666666666666665
ira,-0.20000000000000007
irrealidad,-0.8
isla,0.8666666666666665
isleño,0.6000000000000003
issac_asimov,0
izquierda,0.5999999999999999
izquierdo,0.4666666666666668
jamar,0.33333333333333326
jamás,0.19999999999999996
jardín,1
jazz,0.5999999999999999
jefe,0.06666666666666665
jornada,0.33333333333333326
joven,0.43333333333333335
judicial,-0.20000000000000007
juego,1
juego_mesa,1
juez,0.19999999999999996
jugador,0.8666666666666665
jugar,1
juicio,0.19999999999999996
juntar,0.5999999999999999
junto,0.6666666666666667
jurar,0.19999999999999996
jurídico,0.19999999999999996
justicia,0.8888666666666667
justo,0.7555666666666667
juvenil,0.7333333333333334
juventud,0.7333333333333334
juzgar,0.33333333333333326
kilómetro,0.33333333333333326
know_how,1
labio,0.5999999999999999
labor,0.4666666666666668
laboratorio,0.6
lado,0.33333333333333326
lago,1
lágrima,0.22219999999999995
lagrimar,0.06666666666666665
lamento,-0.33333333333333337
lamparita,0
lanzamiento,0.4666666666666668
lanzar,0.5555333333333332
largar,0.19999999999999996
largo,0.2666666666666666
largo_estructura_red,0.19999999999999996
lástima,0.06666666666666665
lastimar,-0.33333333333333337
lateral,0.33333333333333326
latín,0.4666666666666668
latinejo,-1
latino,0.5999999999999999
latir,0.8888666666666667
lavar,0.8666666666666665
league,0.4666666666666668
leal,1
leche,0.4666666666666668
lecho,0.4666666666666668
lector,1
lectura,0.8619047619047623
leer,0.8833333333333332
legislativo,0.06666666666666665
legislatura,0.22219999999999995
lejano,0.06666666666666665
lengua,0.4666666666666668
lenguaje,0.5999999999999999
lenguaje_natural,1
lenguaje_proposicional,0.3999999999999999
lenguaje_r,0.8
lentamente,0.33333333333333326
lento,0.4666666666666668
letra,0.33333333333333326
letrado,0
levantar,0.19999999999999996
ley,0.33333333333333326
leyenda,0.7333333333333334
liberación,1
liberar,0.8666666666666665
libertad,0.742857142857143
librar,0.8666666666666665
libre,0.8333333333333333
libre_acceso,0.6000000000000001
libre_albedrio,0.6000000000000001
libro,0.7666666666666667
licenciar,0.5999999999999999
líder,0.5999999999999999
liderar,0.5999999999999999
liga,0.33333333333333326
ligar,0.33333333333333326
ligeramente,0.4666666666666668
ligero,0.8666666666666665
limitacion_respuesta,-0.4
limitar,0.06666666666666665
límite,0.4286000000000001
limite_etico,0
limitir,-1
limpiar,0.5999999999999999
limpio,1
lindo,0.8666666666666665
line,0.6000000000000001
línea,0.4666666666666668
líneo,0.4666666666666668
líquido,0.5999999999999999
lista,0.33333333333333326
listar,0.33333333333333326
listo,0.8666666666666665
literario,0.8666666666666665
literatura,1
llama,0.5999999999999999
llamada,0.33333333333333326
llamar,0.4666666666666668
llamar_atencion,-1
llanto,-0.06666666666666676
llanura,0.7333333333333334
llave,0.4444666666666668
llegada,0.7333333333333334
llegar,0.5999999999999999
llenar,0.5999999999999999
lleno,0.4666666666666668
llevar,0.33333333333333326
llorar,-0.22219999999999995
lloro,-0.33333333333333337
llover,0.5999999999999999
lluvia,0.7333333333333334
lobo,0.33333333333333326
local,0.4555666666666667
localidad,0.33333333333333326
localización,0.33333333333333326
localizar,0.5999999999999999
loco,0.33333333333333326
locura,0.23806666666666665
logaritmo,0.3333333333333339
logica,0
lógica,0.5999999999999999
lograr,1
logro,1
longitud,0.33333333333333326
lucha,0.06666666666666665
luchar,0.4444666666666668
lucir,0.8666666666666665
lugar,0.33333333333333326
lugar_comun,-0.6
luminoso,0.8666666666666665
luna,0.8888666666666667
luz,0.7333333333333334
machin_learning,0.6000000000000001
machine_learning,0.72
machine_lerning,0
macho,0.33333333333333326
macrodato,-0.13333333333333397
madera,0.7333333333333334
madre,1
madrugada,0.7333333333333334
maestro,0.6333333333333334
magia,1
mágico,0.7333333333333334
mal_usado_el_termino,-1
mal_uso,-0.7
maldito,-0.33333333333333337
malo,-0.33333333333333337
malo_utilizacion,-0.8
mamá,0.9333333333333333
mancha,-0.06666666666666676
mandar,0.33333333333333326
mandato,0.33333333333333326
mando,0.4666666666666668
manejar,0.6666666666666667
manejo,0
manejo_el_relacion_social,-1
manejo_mucho_dato,1
manera,0.33333333333333326
manga,0.33333333333333326
manifestación,0.4666666666666668
manifestar,0.33333333333333326
manipulacion,-0.627586206896552
manipulacion_dato,0
manipulacion_dato_sensible,-1
manipulacion_fin_politico,-0.8
manipulacion_informacio,-1
manipulacion_informacion,-0.6
manipulacion_persona,-0.6
manipulacion_voluntad,-0.8
manipular,0.5
mano,0.4666666666666668
mantener,0.19999999999999996
mantenimiento,-1
manto,0.7333333333333334
manzana,1
mañana,0.8666666666666665
mapa,0.33333333333333326
mapas,1
maquina,-0.017391304347825987
máquina,0.33333333333333326
maquina_automatizado,0.19999999999999996
maquina_guardar_dato,0
maquina_turing,0
mar,0.8666666666666665
maravilloso,0.8666666666666665
marca,0.33333333333333326
marcar,0.33333333333333326
marcha,0.22219999999999995
marchar,0.19999999999999996
marchito,0.1111333333333333
marco,0.4444666666666668
margen,0.33333333333333326
maria,0.19999999999999996
mariano,0.4666666666666668
marido,0.4666666666666668
mario,0.7333333333333334
mariposa,0.7333333333333334
marítimo,0.5999999999999999
marketing,-0.466666666666666
marketing_4.0,0.6000000000000001
marqués,0.5999999999999999
más,0.8666666666666665
mas_consumo_internet,-0.6
mas_dato,0.19999999999999996
mas_tiempo_ocio,1
masa,0.022233333333333383
masculino,0.4666666666666668
masificacion,-1
masividad,1
masivo,0.1428571428571429
matar,-0.33333333333333337
matematico,0.5733333333333339
matemático,0.4666666666666668
materia,0.33333333333333326
material,0.40000000000000013
material_denso,-0.4
matrimonio,0.8666666666666665
maximizar,0.6000000000000001
máximo,0.5555333333333332
mayor,0.5555333333333332
mayor_exactitud_investigacion,1
mayor_facilidad_conseguir_informacion,0.6000000000000001
mayoría,0.19999999999999996
mecanico,-0.8
mecanico_que_transformar_y_acumular_dato,-0.4
mecanismo,0.6
mecanismo_capaz_producir,-0.4
mecanizacion,0.19999999999999996
medalla,1
mediar,0.7778
medicina,0.6499999999999999
medicion,-1
médico,0.5333333333333332
medida,0.33333333333333326
medieval,0.4666666666666668
medio,0.04444444444444451
medir,0.33333333333333326
mediterráneo,0.8666666666666665
mejilla,0.7333333333333334
mejor,0.7611166666666666
mejor_calidad_vida,1
mejor_salud,0.6000000000000001
mejora_el_calidad_vida,1
mejorar,0.8333333333333333
mejorar_calidad,0.8
mejorar_el_comunicacion,1
melancolía,-0.33333333333333337
melodía,1
memoria,0.3666666666666665
memoria_artificial,0
memorizacion,1
mencionar,0.5999999999999999
menor,0.33333333333333326
mensaje,0.5555333333333332
mental,0.7333333333333334
mente,0.6523809523809527
mente_propia,0
mentir,-0.20000000000000007
mentira,0.1361
mercado,0.2333333333333334
mercado_informacion_y_dato,-0.6
mercado_negativo,1
mercadotecnia,-0.6
merecer,0.5999999999999999
merito,0.5
meritocracia,-0.8
mes,0.4666666666666668
mesa,0.33333333333333326
mesquindad,-0.8
metal,0.5999999999999999
metalico,0.19999999999999996
metálico,0.19999999999999996
meter,0.5999999999999999
metodo,0.06666666666666599
método,0.5237999999999998
metodo_cientifico,1
metodo_registrar_dato,0.3999999999999999
metodologia,0.6000000000000001
metrico,0
metro,0.4444666666666668
mezcla,0.4666666666666668
mezclar,0.4666666666666668
miar,0.4666666666666668
microsoft,0.4666666666666667
miedo,-0.1333333333333337
miel,0.7333333333333334
miembro,0.5333333333333332
mierda,-0.4666666666666667
mil,0.33333333333333326
milagro,0.8666666666666665
milenio,0
militar,-0.06666666666666676
millón,0.33333333333333326
mimesis,0.3999999999999999
mina,0.4666666666666668
mineria,0.8
mineria_dato,0.8
mínimo,0.33333333333333326
ministerio,0.19999999999999996
ministro,0.19999999999999996
minuto,0.19999999999999996
mio,0.5999999999999999
mirada,0.5999999999999999
mirar,0.5999999999999999
misa,0.06666666666666665
miseria,-0.20000000000000007
misión,0.4666666666666668
mismo,0.40000000000000013
misterio,0.16666666666666663
misterioso,0.33333333333333326
mitad,0.33333333333333326
mixto,0.5999999999999999
moda,0.4666666666666668
modelado,0.6000000000000001
modelo,0.5533333333333333
modelo_estructurado_el_informacion,0.19999999999999996
modelo_mental,0
modelo_predictivo,1
moderno,0.5999999999999999
modificar,0.5999999999999999
modo,0.33333333333333326
mojar,0.4666666666666668
molestar,-0.33333333333333337
momento,0.4666666666666668
monasterio,0.4666666666666668
moneda,0.33333333333333326
moneda_virtual,0.6000000000000001
monetizacion,-0.4
monitoreo,0
monje,0.4666666666666668
monopolio,-0.6
monopolizar,-1
monstruo,-0.047599999999999976
montaña,0.7333333333333334
montañoso,0.7333333333333334
montar,0.8666666666666665
monte,0.4666666666666668
montón,0.5999999999999999
monumento,0.5999999999999999
moral,1
morder,0.33333333333333326
morfología,0.33333333333333326
morir,-0.06666666666666676
mortal,-0.06666666666666676
mostrar,0.7333333333333334
motivo,0.4666666666666668
motor,0.4666666666666668
mover,0.4666666666666668
movimiento,0.7333333333333334
muchacho,0.33333333333333326
mucho,0.22222222222222188
mucho_cantidad,-0.4
mucho_control_el_contenido,0
mucho_dato,0.30000000000000004
mucho_dato_cargado,0
mucho_espacio,0
mucho_grande,-1
mucho_informacion,0.1555555555555561
mucho_saber,1
mucho_tiempo,0
mudar,0.33333333333333326
mudo,-0.06666666666666676
mueca,0.4666666666666668
muerte,-0.20000000000000007
muerto,-0.06666666666666676
muestra,0.33333333333333326
muestrar,0
muestreo,0
mujer,0.7333333333333334
multidisciplinario,1
multinacional,-1
multiple,0
múltiple,0.4666666666666668
multiple_estimulo,-0.6
multitud,-0.20000000000000007
mundial,0.7777666666666666
mundo,0.4999999999999999
municipal,0.33333333333333326
municipio,0.33333333333333326
muñeca,1
muralla,0.5999999999999999
murmullo,0.06666666666666665
murmurar,-0.06666666666666676
muro,0.19999999999999996
músculo,0.4666666666666668
museo,0.8666666666666665
music,0.7333333333333334
música,1
musical,1
músico,0.9333333333333333
nacer,0.8666666666666665
nacimiento,0.7333333333333333
nación,0.8666666666666665
nacional,0.5999999999999999
nacionalista,0.19999999999999996
nada,0.16666666666666663
nadar,0.8666666666666665
nano_chip,1
nanobot,0.6000000000000001
nanoparticula,1
nanotecnologia,1
naranja,0.8666666666666665
nariz,0.33333333333333326
narrar,0.7333333333333334
national,0.4666666666666668
natural,0.6666666666666667
naturaleza,1
naval,0.33333333333333326
nave,0.5999999999999999
navegaciom,0
navegar,1
navidad,1
nba,0.33333333333333326
necesario,0.5666666666666667
necesario_el_progreso,1
necesidad,0.3666666666666666
necesitar,0.5999999999999999
negar,-0.20000000000000007
negocio,-0.037766666666666615
negro,0.4666666666666668
neoliberalismo,-1
nerd,0.8
nervio,0.06666666666666665
nervioso,-0.33333333333333337
neurociencia,0.5
neutralidad,-0.8
nido,0.8888666666666667
niebla,0.19999999999999996
nieto,0.8666666666666665
nieve,0.7333333333333334
ninguno,0
niño,0.8
nivel,0.4666666666666668
no_contemplar_el_diferencia,1
no_el_discutar_el_efecto_etico,-0.4
no_entendi,0
no_humano,-0.6
no_privacidad,-0.8
no_reconocer_gris,0.6000000000000001
no_regulado_mucho_vez_el_estado,-0.6
noble,1
noche,0.7333333333333334
nocturno,0.7333333333333334
nodo,0
nom,1
nombrar,0.33333333333333326
nombre,0.4444666666666668
nomenclatura,0.6000000000000001
nominar,0.4666666666666668
noreste,0.33333333333333326
norma,0.4444666666666668
normal,0.19999999999999996
normalmente,0.4666666666666668
noroeste,0.33333333333333326
norte,0.4666666666666668
nostalgia,0.33333333333333326
nota,0.7333333333333334
notable,0.5999999999999999
notar,0.33333333333333326
noticia,0.3666666666666666
noticiero,0.8
novedad,0.7333333333333338
novedoso,1
novela,1
novio,0.8666666666666665
ns,0
nube,0.6095238095238097
nube_digital,0.8
nuclear,0.06666666666666665
núcleo,0.5999999999999999
nuevamente,0.33333333333333326
nuevo,0.6833333333333332
nuevo_conocimiento,1
nuevo_desafio,0
nuevo_estrategia,0.3999999999999999
nuevo_facultad,1
nuevo_herramienta,0
nuevo_puesto_trabajo,0.6000000000000001
nuevo_revolucion_industrial,1
nuevo_servicio_comercial,0
nuevo_socialidad,0.3999999999999999
nuevo_softwar,1
nuevo_tecnologia,0.52
numero,0.3454545454545461
número,0.4444666666666668
numeroso,0.6666666666666666
nunca_subestime_tu_aprendiz_matching_learning,-0.19999999999999996
obispo,0.19999999999999996
objetiva,-0.6
objetivacion,-1
objetividad,-0.0666666666666661
objetivo,0.6000000000000003
objeto,0.28333333333333344
obligación,0.06666666666666665
obligar,-0.33333333333333337
obra,0.4666666666666668
observacion,0.5
observación,0.8666666666666665
observar,0.5777666666666667
obtencion_distinto_objetivo,0.6000000000000001
obtener,0.5999999999999999
ocasión,0.5999999999999999
océano,1
oceano_dato,0.3999999999999999
ocultar,0.19999999999999996
oculto,0.33333333333333326
ocupación,0.8666666666666665
ocupar,0.19999999999999996
ocurrir,0.5999999999999999
odiar,-0.33333333333333337
odio,0.3333333333333333
oeste,0.33333333333333326
oferta_laboral,0.8
oficial,0.33333333333333326
oficialmente,0.33333333333333326
oficina,0.4666666666666668
oficio,0.7333333333333334
ofrecer,0.8333333333333333
oído,0.4666666666666668
oír,0.7333333333333334
ojo,0.4666666666666668
ok_google,1
ola,0.7333333333333334
oler,0.5999999999999999
olímpico,1
olor,0.33333333333333326
olvidar,0.33333333333333326
olvido,-0.33333333333333337
omnipotente,0.6000000000000001
onda,1
online,1
opción,0.5999999999999999
ópera,1
operación,0.19999999999999996
operar,0.33333333333333326
operatividad,1
operativo,0.6000000000000001
opinion,1
opinión,0.5999999999999999
opinion_propia,0.8
opinion_publicar,1
opinion_publico,0
oponer,0.33333333333333326
oportunidad,0.8111111111111111
oposición,0.06666666666666665
optimizar,0.8
oración,0.7333333333333334
oracle,0
orar,0.19999999999999996
orden,0.45556666666666645
orden_mundial,-1
ordenador,0.5
ordenar,0.33333333333333326
oreja,0.4666666666666668
organismo,0.33333333333333326
organizacion,0.8399999999999999
organización,0.33333333333333326
organizacion_dato,0.6000000000000001
organizar,0.4666666666666668
órgano,0.33333333333333326
orgullo,0.4666666666666668
orientacion,1
oriente,0.4666666666666668
origen,0.4666666666666668
original,0.8666666666666665
originalmente,0.4666666666666668
originario,0.4666666666666668
orilla,0.5555333333333332
oro,0.5999999999999999
orquesta,1
orwell,-0.8
oscuridad,0.06666666666666665
oscuro,0.33333333333333326
otoño,0.7333333333333334
otorgar,0.7333333333333334
otres,1
otro_programa,0
paciencia,0.6333333333333332
paciente,0.4666666666666668
pacífico,1
padre,1
pagar,-0.06666666666666676
página,0.4666666666666668
pagina_pdf,0
pagina_web,0.8
pago,0.4666666666666668
país,0.4666666666666668
paisaje,0.9047333333333334
pájaro,1
palabra,0.2666666666666666
palacio,0.8666666666666665
pálido,0.33333333333333326
palma,0.4666666666666668
paloma,0.7333333333333334
palpitar,0.5999999999999999
pan,1
pantalla,0.16666666666666663
pantalón,0.4666666666666668
papa,0.4666666666666668
papá,1
papel,0.5999999999999999
paquete,0.4666666666666668
paqueter_r,0
par,0.7333333333333334
paradigma,-0.6
parado,0.06666666666666665
paraíso,1
paralelo,0.33333333333333326
paranoia,0
parar,0.33333333333333326
parco,-0.4
parecer,0.5999999999999999
pared,0.06666666666666665
pareja,0.8666666666666665
parir,0.4666666666666668
parlamento,0.7333333333333334
parque,0.8666666666666665
parroquia,0.5999999999999999
parte,0.33333333333333326
participación,0.7778
participar,0.8666666666666665
partícula,0.5999999999999999
particular,0.33333333333333326
particularmente,0.4666666666666668
partida,0.33333333333333326
partido,0.4666666666666668
partir,0.33333333333333326
pasa_tiempo,1
pasado,0.5999999999999999
pasaje,0.7333333333333334
pasajero,0.6000000000000003
pasar,0.33333333333333326
pasear,1
paseo,1
pasillo,0.33333333333333326
pasion,1
pasión,0.7333333333333334
paso,0.33333333333333326
pastor,0.7333333333333334
patio,0.5999999999999999
pato,0.7333333333333334
pato_donnald,0
patr,0.19999999999999996
patrimonio,0.19999999999999996
patron,0.5
patrón,0.19999999999999996
patron_afinidad,0
paular,0.33333333333333326
paz,1
pc,0.30000000000000004
pdf,0.6000000000000001
pecado,-0.20000000000000007
pecho,0.4444666666666668
pedanteria,-1
pedazo,0.33333333333333326
pedir,0
pegar,0.06666666666666665
pelea,-0.22219999999999995
pelear,-0.06666666666666676
pelicula,0.6000000000000001
película,0.33333333333333326
pelicula_ciencia_ficcion,0
peligro,-0.5066666666666666
peligrosidad_el_uso_ese_dato,-0.8
peligroso,-0.3666666666666667
pelo,0.33333333333333326
pelota,0.19999999999999996
pena,-0.20000000000000007
penar,-0.20000000000000007
penetrar,0.4666666666666668
península,0.4666666666666668
pensador,1
pensamiento,0.6666666666666667
pensamiento_computacional,0
pensar,0.8133333333333334
penumbra,0.19999999999999996
peña,0.5999999999999999
peor,-0.06666666666666676
peoyeccion,0
pequeño,0.6666666666666667
percatar,0.4666666666666668
percepcion,-0.6
percibir,1
perciforme,0.5999999999999999
perder,-0.33333333333333337
perder_el_espiritu,-1
perdida,0
pérdida,-0.20000000000000007
perdida_autenticidad,-1
perdida_el_privacidad,-0.6
perdida_fuente_trabajo,-0.6
perdida_libertad,-1
perdida_privacidad,-1
perdida_trabajo,-0.4
perdidad_trabajo,-0.8
perdón,0.8666666666666665
perdonar,0.7333333333333334
perfeccionamiento,1
perfectamente,0.7333333333333334
perfecto,0.8666666666666665
perfil,0
perfil_destinatario,-0.4
perfume,1
periódico,0.4666666666666668
periodismo,0.3999999999999999
periodista,0.33333333333333326
periodo,0.33333333333333326
período,0.33333333333333326
permanecer,0.7333333333333334
permanencia,-0.4
permanente,0.33333333333333326
permiso,0.33333333333333326
permitir,0.8666666666666665
perro,0.7333333333333334
persecucion,-0.8
perseguir,0.06666666666666665
persona,0.44999999999999996
personaje,0.8666666666666665
personal,-0.06666666666666665
personalidad,0.4666666666666668
personalizacion,0.3999999999999999
perspectiva,0.6666666666666667
pertenecer,0.5999999999999999
perteneciente,0.4666666666666668
pesadilla,-0.20000000000000007
pesado,-0.6
pesar,0
peso,0.19999999999999996
pétalo,1
petición,0.33333333333333326
pez,0.7333333333333334
piaget,1
piano,0.8666666666666665
picar,0.19999999999999996
pico,0.5999999999999999
pie,0.33333333333333326
piedad,0.4666666666666668
piedra,0.33333333333333326
piel,0.7333333333333334
piensan/hacer_otro_el_que_poder_hacer,0.19999999999999996
pierna,0.5999999999999999
pieza,0.5999999999999999
piloto,0.4666666666666668
pintar,0.8666666666666665
pintor,0.7333333333333334
pintura,0.7333333333333334
pionero,0.8666666666666665
pisar,0.19999999999999996
pisibilidad,-1
piso,0.33333333333333326
pista,0.5999999999999999
pistola,-0.33333333333333337
placa,0.4666666666666668
placa_el_verde,0.6000000000000001
placer,0.5
placo_madre,1
plagio,-1
plan,0.5555333333333332
planear,1
planeta,1
planificacion,1
plano,0.4666666666666668
planta,1
plantar,0.7333333333333334
plantear,0.33333333333333326
plata,0.38333333333333325
plataforma,0.5
plataforma_virtual,1
plateado,0.3999999999999999
platicar,0.5999999999999999
plato,0.5999999999999999
playa,0.8666666666666665
plaza,0.6666666666666667
plazo,0.06666666666666665
pleno,0.8095333333333334
pluma,1
pluralidad,0.6000000000000001
poblacion,0.6000000000000001
población,0.19999999999999996
poblacional,0.33333333333333326
poblado,0.33333333333333326
poblar,0.4666666666666668
pobre,-0.13333333333333341
pobreza,-0.6000000000000001
poco,-0.8
poco_abarcativo,0.3999999999999999
poco_interaccion_social,-0.6
poco_privacidad,-0.6
poco_sensible,-0.6
poder,0.4888888888888886
poder_computo,0.6000000000000001
poder_manejar_objeto_wifi,0.3999999999999999
poderoso,0.5999999999999999
poema,0.8666666666666665
poesía,0.8666666666666665
poeta,0.8666666666666665
policía,0.19999999999999996
politica,-0.4
política,0.19999999999999996
politico,-0.30000000000000004
político,0
polvo,0.33333333333333326
poner,0.5999999999999999
pop,0.7333333333333334
popular,0.33333333333333326
popularidad,0.5555333333333332
porqué,0.33333333333333326
portar,0.33333333333333326
posar,0.5999999999999999
poseer,0.7333333333333334
posesion,-1
posesión,0.33333333333333326
posibilidad,0.5615384615384609
posibilidad_nuevo,1
posibilidad_poner_disposicion_publico_el_dat,1
posible,0.8666666666666665
posiblemente,0.4666666666666668
posición,0.4666666666666668
positivismo,-1
positivo,1
posmodernidad,-0.09999999999999998
posmoderno,-1
postear,0.19999999999999996
posterior,0.33333333333333326
posthumano,-0.4
postura,0.33333333333333326
potencia,0.7333333333333334
potencial,1
power_bi,0.8
pozo,0.06666666666666665
practica,1
práctica,0.7333333333333334
prácticamente,0.5999999999999999
practicar,0.6
practicidad,1
práctico,0.33333333333333326
prado,0.8666666666666665
pragmatico,-0.4
precarizacion,1
precarizacion_laboral,-1
precio,0.19999999999999996
precioso,1
precisamente,0.4666666666666668
precision,1
preciso,0.4666666666666668
prediccion,0.755555555555556
predictivo,0.8
predizar,1
preferir,0.7333333333333334
pregunta,0.4666666666666668
preguntar,0.7333333333333334
premio,0.8666666666666665
prender,0.33333333333333326
prensa,0.4666666666666668
preocupacion,-0.6
preocupación,-0.33333333333333337
preocupar,0.33333333333333326
preparar,0.5999999999999999
prer,1
presa,-0.06666666666666676
prescindencia,-0.6
presencia,0.4666666666666668
presentación,0.5999999999999999
presentar,0.5999999999999999
presente,0.10555000000000003
presidencia,0.33333333333333326
presidencial,0.33333333333333326
presidente,0.19999999999999996
presidir,0.4666666666666668
presión,0.06666666666666665
prestar,0.5999999999999999
pretender,0.33333333333333326
prever,0.7333333333333334
previo,0.33333333333333326
prevision,-1
prevision_suceso,0.8
primario,0.5999999999999999
primavera,0.8666666666666665
primero,0.8499999999999999
primicia,1
primitivo,0.19999999999999996
primo,0.4666666666666668
primordial,1
princesa,0.33333333333333326
principal,0.7333333333333332
principalmente,0.33333333333333326
príncipe,0.7333333333333334
principio,0.5999999999999999
prisa,0.06666666666666665
prisión,-0.20000000000000007
prisionero,-0.20000000000000007
privacidad,-0.60909090909091
privacidad_perdida,-1
privacion_el_informacion,-0.6
privado,-0.7
privar,-0.22219999999999995
privilegio,1
probabilidad,-0.0666666666666661
probable,0.4666666666666668
probablemente,0.4666666666666668
probar,0.8666666666666665
problema,-0.45
problema_aprendizaje,0
procedente,0.19999999999999996
proceder,0.33333333333333326
procedimiento,0.6666666666666666
procesamiento,0.555555555555556
procesamiento_dato,0.6000000000000001
procesamiento_imagen,1
procesamiento_informacion,0.19999999999999996
procesaniento,1
procesar,1
proceso,0.4666666666666667
proclamar,0.5999999999999999
producción,0.6666666666666667
producir,0.29999999999999993
productividad,1
producto,0.4666666666666667
productor,0.7333333333333332
profesión,0.4666666666666668
profesional,0.5694333333333332
profesor,-0.2666666666666666
profesorado,0
profundar,0.33333333333333326
profundidad,0.5555333333333332
profundo,0.6666666666666667
programa,0.41666666666666663
programa_capaz_solucionar_poco_recurso,0
programa_guia_tramite,0.8
programacion,0.4923076923076919
programación,0.7333333333333334
programado,-0.19999999999999996
programador,0.5
programar,0.8666666666666665
progreso,0.7875000000000001
prohibir,-0.20000000000000007
prolog,0
prolongar,0.19999999999999996
promedio,0.4666666666666668
promesa,0.8666666666666665
prometer,0.33333333333333326
promoción,0.8666666666666665
promover,0.7333333333333334
pronunciar,0.33333333333333326
propiedad,0.7333333333333334
propio,0.5999999999999999
proponer,0.7333333333333334
proporcionar,0.5999999999999999
propósito,0.8666666666666665
propuesta,0.7333333333333334
protagonista,0.8666666666666665
protagonizar,0.5999999999999999
protección,0.5999999999999999
proteger,0.8666666666666665
proteína,0.4666666666666668
protesis,0.8
prototipo,0
proveniente,0.4666666666666668
provenir,0.33333333333333326
provincia,0.7333333333333334
provincial,0.4666666666666668
provocar,0.19999999999999996
proximidad_controlar,0
próximo,0.4666666666666668
proyeccion,1
proyectar,0.8666666666666665
proyecto,0.6666666666666667
prueba,0.44999999999999996
pseudo,-1
psicologia,0
publicación,0.7333333333333334
publicar,0.4444666666666668
publicidad,-0.514285714285714
publicidad_el_privacidad,-1
publico,-0.09999999999999998
público,0.5333333333333332
publico_meter,0
pueblo,0.7333333333333334
puente,0.7333333333333334
puerta,0.33333333333333326
puerto,0.5999999999999999
puesto,0.33333333333333326
puesto_trabajo,-0.8
pulmón,0.33333333333333326
punta,0.33333333333333326
punto,0.16666666666666663
puro,1
puta,0.06666666666666665
python,0.7600000000000002
que,0
que_este_moda,-1
que_yo_interesar,0.6000000000000001
quebrantar_el_esfera_el_privado,-1
quebrar,0.33333333333333326
quedar,0.33333333333333326
quemar,0.4666666666666668
querer,1
querido,1
queso,0.8666666666666665
quieto,0.33333333333333326
quimica,1
químico,0.33333333333333326
quinto,0.33333333333333326
quitar,-0.047599999999999976
quizá,0.4666666666666668
quizas,0.33333333333333326
r_lenguaje,0.6000000000000001
r_studio,1
rabia,-0.33333333333333337
radio,0.7333333333333334
raíz,0.4814666666666667
rama,0.4666666666666668
ramal,0.33333333333333326
rango,0.33333333333333326
rápidamente,0.4666666666666668
rapidez,0.566666666666666
rapido,0.3999999999999999
rápido,0.33333333333333326
raro,0.1499999999999999
rasgo,0.4666666666666668
rastreo,-1
rastro,0.33333333333333326
rato,0.4666666666666668
rayo,0.4666666666666668
raza,0.19999999999999996
razon,0
razón,0.7333333333333334
razonamiento,0.6000000000000001
reacción,0.4666666666666668
reaccionar,0.06666666666666665
real,0.5555333333333332
realidad,0.42776666666666663
realidad_virtual,0.19999999999999996
realista,0.7333333333333334
realizacion,0.6000000000000001
realización,0.8666666666666665
realizar,0.7333333333333334
realmente,0.33333333333333326
rebelión,0.06666666666666665
rebelion_el_maquina,-1
receptividad,1
rechazar,-0.06666666666666676
recibir,0.7778
recién,0.5
reciente,0.33333333333333326
recientemente,0.4666666666666668
recinto,0.5999999999999999
reclamar,-0.20000000000000007
recoger,0.4666666666666668
reconfiguracion_cognitivo,1
reconocer,0.5999999999999999
reconocimiento,0.8666666666666665
reconocimiento_facial,0.13333333333333397
recopilacion,0.10000000000000009
recordar,0.5555333333333332
recorrer,0.4666666666666668
recorrido,0.4666666666666668
recostar,0.5999999999999999
recuerdo,0.4666666666666668
recuperar,0.5999999999999999
recurso,0.4110999999999997
red,0.45952380952380956
red_neuronal,0.566666666666666
red_social,-0.11666666666666603
reduccion_costo,1
reducir,0.06666666666666665
reemplazar,0.4666666666666668
reemplazo,-0.628571428571428
reemplazo_mano_obra,1
referencia,0.5333333333333334
referenciar,0.33333333333333326
referir,0.33333333333333326
reflejar,0.5237999999999998
reflejo,0.5999999999999999
reflexion,0.30000000000000004
reforma,0.4666666666666668
regalar,1
regalo,0.8666666666666665
régimen,-0.06666666666666676
regimiento,0.4666666666666668
región,0.33333333333333326
regional,0.4666666666666668
registrar,0.33333333333333326
registro,0.16666666666666663
regla,0.4666666666666668
regla_poco_claro,-0.6
regresar,0.5999999999999999
regresion_lineal,1
regreso,0.7333333333333334
regular,0.06666666666666665
regularidad,0
reina,0.7333333333333334
reinar,0.33333333333333326
reino,0.5999999999999999
reír,1
relacion,0.19999999999999996
relación,1
relacion_personal,0.3999999999999999
relacion_virtual,-0.8
relacionar,0.7333333333333334
relativamente,0.4666666666666668
relativo,0.4666666666666668
relato,0.7333333333333334
relevamiento,0.26666666666666616
religión,0.06666666666666665
religioso,0.19999999999999996
reloj,0.19999999999999996
remedio,0.33333333333333326
rendimiento,1
rendir,0.33333333333333326
renta,0.19999999999999996
renunciar,0.33333333333333326
reojo,0.19999999999999996
repartir,0.5999999999999999
repente,0.33333333333333326
repeticion,1
repetir,0.19999999999999996
replanteo,-1
representación,0.5999999999999999
representante,0.4666666666666668
representar,0.5999999999999999
representativo,0.33333333333333326
república,0.5555333333333332
republicano,0.4666666666666668
requerir,0.33333333333333326
requerir_procesar,0.19999999999999996
rescatar,0.7333333333333334
reserva,0.4666666666666668
residencia,0.7333333333333334
residir,0.33333333333333326
resignar,0.06666666666666665
resiliencia,1
resistir,0.4666666666666668
resolucion,0.5
resolución,0.5555333333333332
resolucion_problema,0.5333333333333339
resolver,0.5999999999999999
respectar,0.33333333333333326
respectivamente,0.4444666666666668
respectivo,0.4666666666666668
respecto,0.33333333333333326
respetable,0.8
respetar,1
respeto,1
respiración,0.7333333333333334
respirar,0.7333333333333334
respondabilidad,0.19999999999999996
responder,0.6190666666666667
responsabilidad,0.6666666666666664
responsable,0.8
respuesta,0.5222333333333334
respuesta_autonoma,0.8
respuestar,0
restauración,0.7333333333333334
restaurante,0.8888666666666667
resto,0.4444666666666668
resultado,0.5333333333333334
resultar,0.33333333333333326
resumen,0.19999999999999996
retablo,0.33333333333333326
retirar,0.33333333333333326
retrato,0.33333333333333326
reunión,0.7333333333333334
reunir,0.7333333333333334
revelar,0.5555333333333332
revisar,0.19999999999999996
revista,0.4666666666666668
revolucion,0.6000000000000001
revolución,0.8666666666666665
revolucionario,0.8666666666666665
rey,0.22219999999999995
rico,0.8666666666666665
riesgo,-0.30000000000000004
riesgoso,-1
rincón,0.4666666666666668
río,0.7333333333333334
riqueza,0.9333333333333332
risa,1
ritmo,0.8666666666666665
rival,-0.33333333333333337
robar,-0.33333333333333337
robo,-1
robo_dato,-1
robot,0.08780487804878012
robot_dominar_el_mundo,-1
robotica,0.06666666666666599
robotico,0.4777777777777781
robotizacion,-0.19999999999999996
roca,0.4666666666666668
rocío,0.7333333333333334
rodar,0.4666666666666668
rodear,0.5999999999999999
rodilla,0.4666666666666668
rojo,0.6000000000000003
rol,0.5999999999999999
romper,0.33333333333333326
ropa,0.5999999999999999
rosa,0.6666666666666667
rostro,0.4666666666666668
rozar,0.7333333333333334
rubio,0.4666666666666668
rueda,0.5999999999999999
ruido,-0.06666666666666676
ruina,0.06666666666666665
rumbo,0.6190666666666667
rumor,0.06666666666666665
rural,0.7333333333333334
ruta,0.5999999999999999
rutina,-0.20000000000000007
sabana,0.5999999999999999
sábana,0.8666666666666665
saber,0.8518518518518516
saber_especifico,0.8
saber_tecnico_y_disciplina,0.3999999999999999
sabidur,0.8444444444444439
sabiduria,1
sabiduría,1
sabio,1
sabor,0.7333333333333334
sacar,0.4666666666666668
sacerdote,0.4666666666666668
saco,0.4666666666666668
sacrificio,0.33333333333333326
sagrado,0.4666666666666668
sal,0.4666666666666668
sala,0.4666666666666668
salar,0.33333333333333326
salida,0.5999999999999999
salida_laboral,1
salir,0.7333333333333334
salón,0.5555333333333332
saltar,0.8666666666666665
salto,0.5999999999999999
salud,0.5809523809523807
salud_y_bienestar,1
saludar,0.7333333333333334
salvaje,0.5999999999999999
salvar,1
san,0.7333333333333334
sangrar,-0.20000000000000007
sangre,0.33333333333333326
santo,0.7333333333333334
sarcasmo_fake_new,-1
satelite,-0.19999999999999996
satisfaccion,0.8
satisfacer,1
scolari_autor,1
secar,0.33333333333333326
sección,0.33333333333333326
seco,0.18520000000000003
secretario,0.33333333333333326
secreto,0.6
sector,0.33333333333333326
sectorizacion,0
secundario,0.4444666666666668
sed,-0.06666666666666676
sedar,0.33333333333333326
sede,0.33333333333333326
sedentarismo,-0.19999999999999996
sediento,-0.06666666666666676
segmentacion,-0.25
segmentacion_el_audiencia,0
segregadora,0
seguimiento,-0.4
seguir,0.5999999999999999
segundo,0.33333333333333326
seguramente,0.7333333333333334
seguridad,0.5833333333333333
seguridad_delictivo,0.6000000000000001
seguridad_el_informacion,0.19999999999999996
seguro,0.8666666666666665
selección,0.33333333333333326
seleccionar,0.5999999999999999
sello,0.33333333333333326
selva,1
semana,0.33333333333333326
semifinal,0.7333333333333334
semilla,0.7333333333333334
senador,0.33333333333333326
sencillez,0.6000000000000001
sencillo,0.3666666666666667
sendero,1
seno,0.5999999999999999
sensación,0.4666666666666668
sentar,0.5999999999999999
sentencia,0.19999999999999996
sentido,0.5999999999999999
sentimiento,0.09999999999999992
sentir,0.7333333333333334
señal,0.7333333333333334
señalar,0.19999999999999996
señor,0.19999999999999996
señorito,0.4666666666666668
separación,0.06666666666666665
separar,0.19999999999999996
septentrional,0.4666666666666668
ser,0.7333333333333332
ser_digital,0
ser_el_futuro,0
ser_el_que_escribir,1
ser_tendencia,0.19999999999999996
ser_uno_derecho,-1
sera,0.4666666666666668
seriar,0.19999999999999996
serie,0.5555333333333332
serio,0.4666666666666668
serpiente,0.19999999999999996
servicio,0.7333333333333334
servicio_tecnologico_informacion,0.6000000000000001
servidor,0
servidor_web,-1
servir,0.33333333333333326
sesgado,-1
sesgo,-0.6
sesión,0.33333333333333326
sevicio,0.6000000000000001
sexo,0.43333333333333324
sexual,0.9047333333333334
show,0.5999999999999999
sien,0.33333333333333326
sierra,0.33333333333333326
sigla,0.4666666666666668
siglo,0.33333333333333326
significado,-0.10000000000000009
significar,0.33333333333333326
significativo,0.8666666666666665
signo,0.4666666666666668
siguiente,0.4444666666666668
silencio,0.7778
silencioso,0.33333333333333326
silla,0.4444666666666668
sillón,0.8666666666666665
silueta,0.7333333333333334
símbolo,0.7333333333333334
similar,0.33333333333333326
simple,0.8666666666666665
simplemente,0.5999999999999999
simplicidad,0
simplir,1
simulacion,0.19999999999999996
simulador,0.8999999999999999
sinapsis,1
sincero,1
sinfónico,0.8666666666666665
sinopsis,0.7333333333333334
sinprivacidad,-1
siquiera,0.33333333333333326
sistema,0.3400000000000004
sistema_adaptacion,-0.4
sistema_algoritmo,-0.19999999999999996
sistema_binario,0
sistema_dato,0
sistema_extraer_conocimiento,0.8
sistema_operativo,0.7333333333333338
sistema_programado_seguir_paso,0
sistematico,0.3333333333333339
sistematizacion,0.30000000000000004
sitio,0.4666666666666668
situacion,0.19999999999999996
situación,0.33333333333333326
situar,0.33333333333333326
skills,0.6000000000000001
skynet,-0.7
soberania_informatico,0
soberbia,-1
sobreabundancia_dato,0
sobreabundancia_informacion,-0.4
sobredato,-0.4
sobreestimulacion,-0.4
sobreexigencia_horario,-1
sobreinformacion,-0.95
sobrevivir,0.33333333333333326
sobrino,1
social,0.4666666666666669
socialista,0.4444666666666668
socializacion,0.8999999999999999
sociedad,0.5416666666666667
socio,0.33333333333333326
sociologia,1
software,0.4444444444444444
sol,0.5999999999999999
solamente,0.19999999999999996
solar,0.7333333333333334
soldado,-0.06666666666666676
soledad,-0.33333333333333337
soler,0.4666666666666668
solicitar,0.5999999999999999
solidaridad,0.8999999999999999
solista,0.7333333333333334
solitario,0.19999999999999996
sollozo,-0.33333333333333337
solo,0.1333333333333333
sólo,0.33333333333333326
soltar,0.4666666666666668
solucion,0.8
solución,0.5999999999999999
solucion_problema,0.3999999999999999
solucionar,1
sombra,0.5999999999999999
sombrero,0.4666666666666668
someter,-0.33333333333333337
sometimiento,-0.4
sonar,0.5999999999999999
sonbreinformacion,-0.4
sonido,0.7333333333333334
sonreír,1
sonrisa,1
soñar,1
soportar,-0.16666666666666663
sorbo,0.4666666666666668
sorprender,0.8666666666666665
sorpresa,0.5
sostener,0.33333333333333326
spilberg,-1
stalkeo,-1
stalker,-1
steve_jobs,0.8
su_uso_poder_ser_peligroso,-0.6
suave,0.8666666666666665
suavemente,0.8666666666666665
subespecie,0.33333333333333326
subir,0.5999999999999999
subjetividad,0.8
sublime,1
subtropical,0.5999999999999999
suceder,0.5999999999999999
suceso,0.33333333333333326
sucio,-0.20000000000000007
sudor,-0.20000000000000007
suelo,0.6666666666666667
sueno_imposible,-0.8
sueño,0.5999999999999999
suerte,1
suficiente,0.5999999999999999
sufrimiento,-0.20000000000000007
sufrir,-0.06666666666666676
sugerencia,0.3999999999999999
sugerir,0.5999999999999999
sujeto,0.5999999999999999
sumar,0.5999999999999999
sumergir,0.33333333333333326
super,0.7333333333333334
superar,1
superficial,1
superficialidad,-0.8
superficie,0.4666666666666668
superior,-0.08333333333333337
superioridad,0
supervivencia,1
suplantacion,-0.6
suplantar_persona,-1
suponer,0.33333333333333326
supremo,0.8666666666666665
sur,0.8888666666666667
sureste,0.33333333333333326
surgir,0.7333333333333334
suroeste,0.4666666666666668
suspender,0.33333333333333326
suspirar,0.7333333333333334
suspiro,1
sustancia,0.33333333333333326
sustentabilidad,0.8
sustitucion,-0.19999999999999996
sustitucion_humano,-0.19999999999999996
sustitucion_trabajo_humano,-1
sustituir,0.19999999999999996
susurrar,0.7778
susurro,0.8666666666666665
sutil,0.7333333333333334
t-1000,-1
tabla,0.4666666666666668
talento,1
taller,0.4666666666666668
talvez,0.33333333333333326
tamaño,0.33333333333333326
tambien,0.8666666666666665
tambien_ser_uno_obligacion,-1
tan,0.33333333333333326
tanto,0.33333333333333326
tapar,0.33333333333333326
tardar,-0.11113333333333342
tarde,0.6666666666666667
tarea,0.2666666666666666
targeting,1
tarjeta,0.4666666666666668
taxi,0.33333333333333326
teatral,0.4666666666666668
teatro,1
techo,0.5999999999999999
técnica,0.5999999999999999
tecnicismo,0
tecnico,-0.19999999999999996
técnico,0.5222333333333333
tecnociencia,0.3999999999999999
tecnologia,0.553383458646616
tecnología,0.4666666666666668
tecnologia_aplicado,0.8
tecnologia_avanzar,1
tecnologia_computacion,0
tecnologia_el_informacion,1
tecnologia_inevitable,-0.6
tecnologia_que_ayudar_el_ser_humano_medicina,0.8
tecnologico,0.95
teconologia,0.8
tegnologia,0
tejer,0.5999999999999999
tela,0.7333333333333334
teléfono,0.41666666666666674
telenoche,1
televisión,0.4666666666666668
televisivo,0.19999999999999996
tema,0.33333333333333326
temblar,0
tembloroso,-0.20000000000000007
temer,-0.20000000000000007
temor,-0.3833333333333333
temperatura,0.33333333333333326
templar,0.7333333333333334
templo,0.5999999999999999
temporada,0.5555333333333332
temprano,0.6333333333333335
tendencia,0.40000000000000036
tender,0.33333333333333326
tener,0.7333333333333334
tenia,-0.33333333333333337
teniente,0.06666666666666665
tensión,-0.33333333333333337
teoria,0.5
teoría,0.7333333333333334
teoria_o_modelo_explicacion,0
terapeutico,0.3999999999999999
térmico,0.7333333333333334
terminar,0.4666666666666668
terminator,-0.6
término,0.33333333333333326
ternura,1
terremoto,-0.33333333333333337
terreno,0.5237999999999998
terrestre,0.5999999999999999
terrible,0.06666666666666665
territorial,0.19999999999999996
territorio,0.4444666666666668
terror,-0.06666666666666676
tesis,1
tesoro,1
testigo,0.33333333333333326
texto,0.7333333333333334
that,0.33333333333333326
the,0.33333333333333326
the_big_datar,1
tibio,0.5999999999999999
tic,0.5
tic's,0
tiempo,0.22666666666666657
tienda,0.4666666666666668
tierno,1
tierra,0.5999999999999999
timar,-0.20000000000000007
tío,1
típico,0.4666666666666668
tipo,0.19999999999999996
tirar,0.19999999999999996
tiro,0.06666666666666665
titular,0.33333333333333326
título,0.19999999999999996
tocar,0.5555333333333332
toclop,0.33333333333333326
todavía,0.5999999999999999
todo,1
todo_computarizado,-0.19999999999999996
todo_estar_el_web,0
toma,0.4666666666666668
toma_decision,1
toma_decision_rapido,0.6000000000000001
tomar,0.33333333333333326
tomo,0.33333333333333326
tono,0.41666666666666674
tonto,0.06666666666666665
top,0.4666666666666668
tormenta,0.33333333333333326
tornar,0.33333333333333326
torneo,0.5999999999999999
torno,0.19999999999999996
toro,0.5999999999999999
torre,0.5999999999999999
total,0.33333333333333326
totalidad,0.5999999999999999
totalmente,0.4666666666666668
tour,0.7333333333333334
trabajador,0.4666666666666668
trabajar,0.7333333333333334
trabajo,0.44776666666666665
trabajo_colaborativo,1
tradición,0.5999999999999999
tradicional,0.5999999999999999
tradicionalmente,0.5999999999999999
traducción,0.19999999999999996
traducir,0.5999999999999999
traer,0.33333333333333326
trafico,0
tráfico,-0.06666666666666676
trafico_web,1
tragar,0.19999999999999996
tragedia,-0.33333333333333337
trago,0.4666666666666668
traje,0.4666666666666668
tramo,0.33333333333333326
tranquilidad,1
tranquilo,1
transcurrir,0.4666666666666668
transferir,0.4666666666666668
transformacion,1
transformación,0.4666666666666668
transformar,0.8666666666666665
transhumanismo,-1
transmision,1
transmisión,0.33333333333333326
transmitir,0.7333333333333334
transportar,0.33333333333333326
transporte,-0.4
trascendente,0.19999999999999996
trasero,0.19999999999999996
trasladar,0.7333333333333334
trasmedia,0.3999999999999999
tratado,0.4666666666666668
tratamiento,0.1111333333333333
tratar,0.4666666666666668
trato,0.33333333333333326
través,0.33333333333333326
trayectoria,0.4666666666666668
trazabilidad,0.3999999999999999
tremr,0.6000000000000001
tren,0.5999999999999999
tribu,0.5999999999999999
tribunal,-0.06666666666666676
triste,-0.33333333333333337
tristeza,-0.10000000000000003
triunfo,0.8666666666666665
tronco,0.4666666666666668
trono,0.19999999999999996
tropa,0.33333333333333326
tropezar,-0.06666666666666676
tropical,1
trozo,0.19999999999999996
trump,-1
tubo,0.33333333333333326
tumba,0
túnel,0.06666666666666665
turismo,1
turístico,0.8666666666666665
turno,0.06666666666666665
ubicación,0.33333333333333326
ubicar,0.19999999999999996
ultimar,0.1111333333333333
último,0.06666666666666665
umbral,0.19999999999999996
únicamente,0.33333333333333326
único,0.5999999999999999
unidad,0.6
unificacion,0
union,1
unión,0.8666666666666665
unir,0.5999999999999999
universal,0.6000000000000001
universidad,0.8380999999999997
universitario,0.8666666666666665
universo,0.2666666666666667
uno_encabezado,0
uno_esfera_contenido_dato_e_informacion,1
uno_fecha_importante,-1
uno_gran_cambio,-1
uno_gran_dato,1
uno_hamburguesa,-1
uno_noticia_importante,1
uno_tipo_problematica,1
uña,0.06666666666666665
urbanizacion_obligatorio,-1
usar,0.33333333333333326
uso,0.33333333333333326
uso_dato,-0.6
uso_gestion_publico_salud_educacion_trab_eco,0.8
usuario,0.5666666666666667
util,0.8800000000000001
útil,1
utilidad,0.7
utilizacion_informacion,0
utilizar,0.4444666666666668
utopia,1
utopica,0
vaciar,0.19999999999999996
vacio,-0.33333333333333337
vacío,0.13333333333333353
valer,0.7333333333333334
valioso,0.8
valle,0.8333333333333333
valley,-0.6
valor,0.6
valoracion,0.3999999999999999
valorar_su_combinacion_conocimiento_cada_d,1
valorativo,-0.19999999999999996
vanguardia,1
vano,0.06666666666666665
vapor,0.33333333333333326
variable,0
variación,0.5999999999999999
variar,0.5999999999999999
variedad,0.5333333333333332
varón,0.4666666666666668
vas,0.5999999999999999
vaso,0.4666666666666668
vecino,0.7666666666666666
vegetación,0.8666666666666665
vehículo,0.4666666666666668
vela,0.5999999999999999
velocidad,0.3833333333333334
vena,0.19999999999999996
vencer,0.8666666666666665
vender,0.16666666666666663
veneno,-0.06666666666666676
venganza,-0.33333333333333337
vengar,-0.06666666666666676
venir,0.5999999999999999
venta,-0.2
venta_dato,-1
venta_dato_consentimiento,-0.6
venta_informacion,-1
venta_y_marketing,-0.8
ventaja,0.7333333333333334
ventana,0.8666666666666665
ver,0.5999999999999999
veracidad,0
verano,1
verdad,0.9333333333333332
verdadero,1
verde,0.5999999999999999
vereda,0.33333333333333326
vergüenza,0.06666666666666665
verme,0.4666666666666668
versión,0.33333333333333326
verso,0.33333333333333326
vestido,0.8666666666666665
vestir,0.33333333333333326
vez,0.33333333333333326
vez_ser_inaccesible_todo,1
vía,0.33333333333333326
viajar,1
viaje,0.7333333333333334
vicepresidente,0.4666666666666668
víctima,-0.06666666666666676
victoria,1
vida,0.7000000000000002
vida_privado,-0.6
vida_publico_expuesta,0.6000000000000001
video,0.4666666666666668
vídeo,0.7333333333333334
videojuego,0.7333333333333334
vidrio,0.4666666666666668
viejo,0.33333333333333326
viento,0.7333333333333334
vientre,0.7333333333333334
vigilancia,-0.725
villa,0.19999999999999996
vincular,0.8666666666666667
vinculo,1
vino,0.8666666666666665
violacion,-1
violacion_el_intimidad,0.3999999999999999
violencia,-0.33333333333333337
violento,-0.6666666666666667
virgen,0.40000000000000013
virtual,0.19999999999999996
virtualidad,0.3500000000000001
virtualizacion,0
virtud,0.8666666666666665
virus,1
visible,0.4666666666666668
visión,0.33333333333333326
visita,0.5999999999999999
visitar,1
visor_vr,0.6000000000000001
vista,1
visual,0.5999999999999999
visual_estudio,-1
vital,0.8666666666666665
vivienda,0.8666666666666665
vivir,0.8666666666666665
vivo,0.6666666666666667
vocacion,1
volar,0.7333333333333334
volcán,0.33333333333333326
voltear,0.4666666666666668
volumen,0.3833333333333334
volumen_dato,0.5333333333333339
volumir,0.19999999999999996
voluntad,0.7778
volver,0.06666666666666665
vomitar,-0.33333333333333337
voto,0.5999999999999999
voz,0.5999999999999999
vuelo,1
vuelta,0.4444666666666668
vulnerabilidad,-1
vulnerable,-0.6
watser_ibm,0.3999999999999999
web,0.3666666666666667
webperiodismo,1
window,1
yacer,0.19999999999999996
yo_dar_miedo,1
yo_escuchar,-0.6
yo_poder_superar,1
yo_sonar_robot,0
you,0.5999999999999999
zapato,0.5999999999999999
zona,0.33333333333333326
